kabupaten,province,year,temperature_mean_c,temperature_max_c,temperature_min_c,rainfall_mm_year,precip_hours_day,humidity_pct,sunshine_hrs_day,shortwave_radiation,et0_mm_day,vapour_pressure_def,wind_speed,soil_moisture_0_7cm,soil_moisture_7_28cm,soil_temperature,yield_ton_ha
Bandung,Jawa Barat,2018,22.776986301369863,27.61260273972603,18.578630136986302,2264.0,6.2027397260273975,78.02191780821917,9.717230570776255,19.025506849315068,3.864684931506849,1.6254794520547944,4.8221917808219175,0.29583013698630134,0.28616164383561643,24.30849315068493,5.785
Bandung,Jawa Barat,2019,23.0616,28.1,18.5918,2091.3,6.3315,77.0411,10.1256,20.2623,4.12849,1.7509,4.8975,0.283482,0.277118,24.6052,6.113
Bandung,Jawa Barat,2020,22.8238,26.9475,19.209,3214.8,9.2623,82.9071,9.201,17.9963,3.55202,1.23005,4.4514,0.334262,0.324615,23.6913,5.527
Bandung,Jawa Barat,2021,22.4082,26.4178,18.8578,3412.1,9.3616,84.1808,8.9294,17.9202,3.47488,1.10496,4.3312,0.346997,0.335195,23.151,6.146
Bandung,Jawa Barat,2022,22.2984,26.4726,18.7219,2765.4,7.8795,84.789,8.9451,18.3436,3.53912,1.07627,4.3077,0.363107,0.356345,23.1008,6.084
Bandung,Jawa Barat,2023,23.189,28.2197,18.6559,1816.8,5.8685,78.5808,9.8964,20.3159,4.12271,1.69792,4.7685,0.283129,0.274666,24.5986,6.08
Bandung,Jawa Barat,2024,23.45710382513661,28.38060109289617,19.25191256830601,2302.1,6.551912568306011,80.72131147540983,9.743869732847601,19.674289617486338,3.963032786885246,1.5577322404371585,4.2724043715847,0.308603825136612,0.3001311475409836,24.628688524590164,6.433
Bandung,Jawa Barat,2025,22.94219178082192,27.957534246575342,19.053424657534247,2852.7,7.846575342465753,82.91780821917808,9.324436575342466,18.74682191780822,3.7286849315068493,1.4707397260273973,4.015342465753425,0.36571780821917804,0.36904931506849314,23.414520547945205,6.326
Bandung Barat,Jawa Barat,2018,22.236986301369864,26.377260273972606,19.176986301369865,2252.4,6.863013698630137,80.07671232876713,9.73149204718417,18.712739726027397,3.699068493150685,1.3692602739726027,6.664109589041096,0.3354493150684931,0.33345479452054794,23.642739726027397,5.402
Bandung Barat,Jawa Barat,2019,22.6721,27.2055,19.2663,2394.4,7.3808,78.1753,10.017,19.6027,3.95964,1.58181,6.5236,0.309679,0.303205,24.0967,5.448
Bandung Barat,Jawa Barat,2020,22.3049,26.0552,19.6527,3663.3,10.2295,84.5902,9.1027,17.5294,3.37508,1.11306,6.1276,0.387951,0.387642,22.9899,5.639
Bandung Barat,Jawa Barat,2021,21.966,25.6647,19.3458,3598.0,10.2356,85.5589,8.9992,17.8586,3.3734,1.03984,6.0307,0.396334,0.39603,22.6734,5.297
Bandung Barat,Jawa Barat,2022,21.8918,25.729,19.2644,3223.6,8.3315,85.411,8.9474,18.1873,3.4246,1.02134,5.7742,0.395614,0.39526,22.677,5.262
Bandung Barat,Jawa Barat,2023,22.4241,27.0047,18.9808,2122.1,6.9726,80.5479,9.8963,19.9245,3.90096,1.44912,6.0921,0.327838,0.322578,23.54,5.362
Bandung Barat,Jawa Barat,2024,22.55655737704918,27.04289617486339,19.395628415300546,2939.3,7.806010928961749,82.6584699453552,9.640289981785063,19.218442622950818,3.7364754098360655,1.3079234972677596,5.532786885245901,0.36570218579234975,0.36568032786885246,23.39863387978142,5.398
Bandung Barat,Jawa Barat,2025,22.314246575342466,27.095616438356164,19.4027397260274,2765.5,8.361643835616439,82.92876712328767,9.210341225266362,18.651260273972603,3.612,1.3955616438356164,5.141369863013699,0.38233972602739724,0.3825534246575343,22.96712328767123,5.812
Bangkalan,Jawa Timur,2018,27.594794520547946,30.78082191780822,25.033424657534248,1668.2,6.101369863013699,75.98630136986301,10.283801377473363,20.496410958904107,4.541095890410959,1.8789315068493149,9.264383561643836,0.2697013698630137,0.2730383561643836,30.51753424657534,5.95
Bangkalan,Jawa Timur,2019,27.7408,31.0164,25.0203,1660.6,6.8192,75.6384,10.4111,20.7848,4.64953,1.92742,9.291,0.257885,0.24023,30.9055,5.059
Bangkalan,Jawa Timur,2020,27.7298,30.7574,25.3495,2250.1,8.9016,78.8333,9.8652,19.3245,4.26238,1.69615,9.1538,0.301956,0.281877,29.9208,4.706
Bangkalan,Jawa Timur,2021,27.4055,30.4485,25.0427,2565.5,8.5836,79.5945,9.7052,19.2669,4.1537,1.63611,8.9704,0.302995,0.289674,29.4164,4.638
Bangkalan,Jawa Timur,2022,27.0362,29.8682,24.8326,3026.8,8.874,81.9452,9.3457,19.0901,3.98858,1.34575,8.483,0.350586,0.341586,28.5805,4.866
Bangkalan,Jawa Timur,2023,27.6436,31.16,24.7121,1840.7,6.1315,76.2712,10.3728,21.121,4.63233,1.93715,9.1129,0.270504,0.262082,29.9847,4.9
Bangkalan,Jawa Timur,2024,27.803551912568306,31.43169398907104,24.883879781420767,2251.3,7.3497267759562845,77.92896174863388,9.939290839404979,20.256256830601092,4.444890710382514,1.8612841530054645,8.520765027322405,0.2814918032786885,0.2661256830601093,29.873770491803278,4.782
Bangkalan,Jawa Timur,2025,27.138904109589042,30.747945205479454,24.51890410958904,2433.8,8.191780821917808,81.45479452054795,9.740532336377473,19.68441095890411,4.158931506849315,1.650794520547945,7.865753424657535,0.30953424657534245,0.2910438356164383,28.207397260273975,4.771
Banjarnegara,Jawa Tengah,2018,23.95945205479452,27.635890410958904,21.013150684931507,3873.5,9.605479452054794,83.69589041095891,9.073922321156772,16.87304109589041,3.347945205479452,1.1746027397260275,4.666301369863014,0.4173397260273973,0.4082931506849315,25.45917808219178,5.802
Banjarnegara,Jawa Tengah,2019,24.2795,28.251,21.2732,3200.2,9.9096,83.3863,9.3216,17.4339,3.50745,1.32216,4.5652,0.406805,0.400655,25.8781,5.883
Banjarnegara,Jawa Tengah,2020,24.4391,27.5566,21.9555,5005.7,13.1858,87.235,8.4723,15.8598,3.12579,0.94112,4.2355,0.479497,0.476691,25.2437,5.245
Banjarnegara,Jawa Tengah,2021,24.3153,27.551,21.6485,3635.2,11.8959,85.7863,8.5982,16.3286,3.23088,0.98381,4.5052,0.476893,0.472195,25.0373,5.639
Banjarnegara,Jawa Tengah,2022,24.0414,27.4279,21.2219,4052.8,11.4247,86.7726,8.0545,16.1865,3.17063,0.92786,4.4079,0.480879,0.478858,24.866,5.58
Banjarnegara,Jawa Tengah,2023,24.12,28.1584,20.7455,2468.3,8.9123,83.9479,9.2208,18.0698,3.59266,1.25485,4.766,0.413907,0.405764,25.4058,5.209
Banjarnegara,Jawa Tengah,2024,24.45409836065574,28.383333333333333,21.26502732240437,3457.2,9.814207650273223,85.55191256830601,9.030851115664845,17.520109289617487,3.4887978142076506,1.1789890710382513,4.29672131147541,0.44233333333333336,0.43208196721311476,25.406830601092896,5.69
Banjarnegara,Jawa Tengah,2025,24.07890410958904,28.784383561643832,20.951780821917808,3252.0,10.150684931506849,86.28219178082192,8.664240700152206,17.108465753424657,3.4262739726027394,1.371890410958904,3.976986301369863,0.4775342465753425,0.4763232876712329,24.32712328767123,5.453
Bantul,DI Yogyakarta,2018,25.527945205479455,29.66794520547945,22.144657534246576,1678.8,7.035616438356165,81.57260273972602,9.763213652968037,18.219917808219176,3.863041095890411,1.5848767123287673,8.091506849315069,0.17383287671232875,0.16475616438356167,27.749863013698633,5.904
Bantul,DI Yogyakarta,2019,25.866,30.4263,22.2427,1821.5,6.7781,80.4932,10.1022,19.3474,4.16381,1.80285,8.1611,0.159356,0.128293,28.4778,5.761
Bantul,DI Yogyakarta,2020,25.9604,29.8139,22.8981,2754.5,9.8552,84.306,9.2166,17.5138,3.6679,1.39798,7.6011,0.210615,0.195385,27.5281,5.66
Bantul,DI Yogyakarta,2021,25.74,29.6836,22.6164,2716.5,9.4493,84.3808,9.156,17.6261,3.64534,1.4137,7.134,0.211542,0.201458,27.2214,5.753
Bantul,DI Yogyakarta,2022,25.3101,29.1921,22.2808,3158.6,9.9041,86.2849,8.9346,17.7516,3.55778,1.20729,6.6419,0.257189,0.25334,26.5699,5.428
Bantul,DI Yogyakarta,2023,25.7093,30.3808,22.0112,1775.5,6.7973,81.7671,10.0294,19.9056,4.18101,1.7266,7.711,0.166247,0.150647,27.8589,5.378
Bantul,DI Yogyakarta,2024,26.04562841530055,30.660109289617488,22.404371584699454,2320.7,7.912568306010929,83.5,9.787476487553127,19.354207650273224,4.059344262295082,1.6378142076502733,7.160109289617486,0.1911256830601093,0.17269945355191257,27.907650273224046,5.388
Bantul,DI Yogyakarta,2025,25.565205479452054,30.06931506849315,22.362465753424658,2918.0,9.216438356164383,85.85753424657534,9.283516659056318,18.406164383561645,3.7481369863013696,1.4504657534246574,5.895890410958904,0.24031780821917806,0.2372328767123288,26.54082191780822,5.418
Banyumas,Jawa Tengah,2018,24.973972602739725,28.34109589041096,22.316438356164383,3855.0,10.421917808219177,83.38630136986302,9.219843767123288,16.833424657534245,3.3558356164383563,1.146082191780822,5.142739726027397,0.37078630136986296,0.36967397260273976,25.874794520547944,5.485
Banyumas,Jawa Tengah,2019,25.1786,28.8463,22.3148,3205.0,10.4356,83.126,9.5142,17.5341,3.52696,1.27825,5.134,0.337126,0.3268,26.1822,5.209
Banyumas,Jawa Tengah,2020,25.3855,28.3186,23.0519,5930.0,14.4781,86.8798,8.4894,15.7043,3.11923,0.95571,4.6787,0.405913,0.404836,25.9208,5.549
Banyumas,Jawa Tengah,2021,25.3647,28.4384,22.8855,4468.4,13.2685,85.4822,8.6078,16.2518,3.23597,1.01707,4.757,0.399016,0.394748,25.846,5.543
Banyumas,Jawa Tengah,2022,25.1411,28.2732,22.7148,4949.4,12.0575,86.0603,8.0953,16.2163,3.20597,0.95718,4.6148,0.403734,0.401405,25.7312,5.283
Banyumas,Jawa Tengah,2023,25.1195,28.7047,22.1816,2890.2,9.2849,82.9123,9.382,17.8865,3.57052,1.19436,5.2068,0.347989,0.341351,25.8266,5.459
Banyumas,Jawa Tengah,2024,25.495081967213117,29.15327868852459,22.73087431693989,3746.3,10.237704918032787,84.1639344262295,9.300219892228293,17.718005464480875,3.5538524590163934,1.198032786885246,4.696174863387978,0.36545901639344264,0.3606366120218579,26.15655737704918,5.28
Banyumas,Jawa Tengah,2025,25.416712328767126,29.33150684931507,22.995890410958904,4266.0,11.41095890410959,83.64657534246575,8.691552404870624,16.992794520547946,3.4415616438356165,1.3507397260273972,4.035068493150685,0.3594958904109589,0.35713972602739724,25.977534246575342,5.374
Banyuwangi,Jawa Timur,2018,25.664383561643834,28.847123287671234,23.275616438356167,1577.0,9.33972602739726,82.59452054794521,10.367928569254186,18.952794520547947,3.821123287671233,1.2975890410958903,7.975890410958904,0.22418630136986303,0.21282465753424656,26.384383561643833,6.099
Banyuwangi,Jawa Timur,2019,25.5984,28.9099,23.1263,1609.6,9.5178,83.7863,10.6237,19.8126,3.92879,1.32671,7.6995,0.213162,0.194353,26.3268,5.46
Banyuwangi,Jawa Timur,2020,26.1057,29.3352,23.6735,1783.7,11.0519,84.429,10.2243,18.782,3.77117,1.28462,7.373,0.232541,0.217869,26.462,5.606
Banyuwangi,Jawa Timur,2021,25.9153,29.2277,23.4384,1844.2,10.2603,83.9753,10.0375,18.6854,3.76093,1.28244,7.3578,0.222014,0.2008,26.2548,5.761
Banyuwangi,Jawa Timur,2022,26.0118,29.5351,23.4189,1492.2,8.6767,82.4685,10.034,19.1038,3.90893,1.37318,7.9296,0.204756,0.171833,26.4756,6.022
Banyuwangi,Jawa Timur,2023,25.8096,29.5304,22.9622,1228.4,7.2986,81.3836,10.5147,20.3794,4.14836,1.49233,8.0789,0.172433,0.145575,26.4764,6.059
Banyuwangi,Jawa Timur,2024,26.2551912568306,29.974043715846996,23.50409836065574,1400.8,8.289617486338798,82.51639344262296,10.334977542501518,19.802513661202187,4.046666666666667,1.472814207650273,7.712021857923497,0.17757377049180328,0.15344535519125682,26.987978142076503,5.884
Banyuwangi,Jawa Timur,2025,26.47068493150685,29.952876712328766,23.80958904109589,1474.9,7.663013698630137,79.66027397260274,10.122307610350076,19.291835616438355,4.052602739726027,1.5255342465753425,8.161643835616438,0.16137260273972603,0.13333150684931505,27.67287671232877,5.997
Batang,Jawa Tengah,2018,27.301369863013697,30.839726027397262,23.99342465753425,1334.4,5.33972602739726,74.27123287671233,10.093280981735159,19.98213698630137,4.274054794520548,1.818931506849315,5.739178082191781,0.35641643835616443,0.35285205479452053,29.95205479452055,4.817
Batang,Jawa Tengah,2019,27.3847,30.9444,23.983,1594.9,5.6521,75.3479,10.3718,20.4341,4.32668,1.82132,5.2838,0.360003,0.354595,29.9216,5.015
Batang,Jawa Tengah,2020,27.3891,30.8836,24.2757,2650.3,8.3907,78.7541,9.6744,19.1784,4.04068,1.6521,5.6883,0.382585,0.362068,29.3292,4.94
Batang,Jawa Tengah,2021,27.0447,30.5066,23.9504,2567.2,8.2356,79.4411,9.3794,18.7423,3.93345,1.57567,5.9595,0.389877,0.37463,28.8288,4.996
Batang,Jawa Tengah,2022,26.8858,30.6195,23.6488,2200.4,7.337,79.2959,9.3884,19.135,3.99386,1.60151,5.6189,0.382433,0.328422,29.0252,5.076
Batang,Jawa Tengah,2023,27.5211,31.4849,23.6819,1458.8,4.8411,74.389,10.3405,20.8927,4.46027,1.98573,5.7307,0.333608,0.301981,29.9216,5.483
Batang,Jawa Tengah,2024,27.82896174863388,32.039071038251365,24.069398907103825,1866.5,5.860655737704918,75.59562841530055,10.124762317850639,20.489207650273226,4.41016393442623,2.0522677595628416,5.406284153005465,0.3434398907103825,0.33044535519125684,30.033879781420765,5.479
Batang,Jawa Tengah,2025,26.75095890410959,31.02931506849315,23.261917808219177,2263.5,7.2684931506849315,81.17260273972603,9.646147617960427,19.433945205479453,4.05813698630137,1.7003013698630138,5.041643835616439,0.3841041095890411,0.3892575342465754,28.036164383561644,5.133
Bekasi,Jawa Barat,2018,27.015616438356165,31.448493150684932,23.59068493150685,1845.3,6.6,78.43287671232876,10.035314284627093,18.390849315068493,4.033780821917808,1.989890410958904,7.163013698630137,0.3073698630136986,0.2978821917808219,28.88849315068493,4.963
Bekasi,Jawa Barat,2019,27.4167,32.1885,23.7403,2002.2,7.2082,77.2548,10.3302,19.2121,4.25532,2.21825,6.5685,0.281463,0.253666,29.3986,5.623
Bekasi,Jawa Barat,2020,26.9279,31.1448,23.7814,2933.8,9.6967,82.4809,9.2069,17.1648,3.69604,1.73863,6.7421,0.340262,0.32521,28.0762,4.886
Bekasi,Jawa Barat,2021,26.5679,30.7556,23.423,2781.3,9.4027,83.2986,9.0181,17.2679,3.65008,1.63701,6.4841,0.348518,0.335619,27.68,5.856
Bekasi,Jawa Barat,2022,26.3849,30.926,23.1792,2861.0,7.9589,83.7452,9.2446,18.2711,3.81989,1.6257,6.4605,0.359277,0.344027,27.6334,5.391
Bekasi,Jawa Barat,2023,27.3389,32.5077,23.5964,2152.7,6.4904,77.9178,10.0982,19.5288,4.31751,2.29411,6.9523,0.284236,0.268871,29.0005,5.328
Bekasi,Jawa Barat,2024,27.482513661202187,32.3844262295082,24.018306010928963,2735.8,7.434426229508197,79.99180327868852,9.791387393746204,19.116475409836067,4.153469945355192,2.0865573770491803,6.600819672131148,0.299448087431694,0.281775956284153,28.96639344262295,4.946
Bekasi,Jawa Barat,2025,27.12164383561644,31.570410958904112,24.053972602739726,2860.6,7.983561643835617,80.98082191780821,9.337978896499237,18.521260273972604,3.9705205479452057,1.8848219178082193,6.3221917808219175,0.24738630136986303,0.259772602739726,28.516712328767124,5.128
Blitar,Jawa Timur,2018,25.020273972602737,29.225753424657533,21.811780821917807,1834.2,7.010958904109589,82.01917808219179,9.652922503805174,18.12991780821918,3.828849315068493,1.5472876712328767,9.743561643835617,0.18115068493150685,0.1759917808219178,27.083561643835615,6.042
Blitar,Jawa Timur,2019,25.3093,30.0137,21.8145,1744.4,6.5699,81.2,10.028,19.2657,4.12805,1.74597,9.7715,0.162425,0.144551,27.7671,6.19
Blitar,Jawa Timur,2020,25.2617,29.1317,22.3413,2728.2,9.0847,85.4973,9.4013,17.7643,3.61432,1.275,8.8702,0.225003,0.21527,26.5044,5.657
Blitar,Jawa Timur,2021,25.1025,29.0523,22.183,2944.2,9.0247,85.0849,8.9919,17.4135,3.55562,1.30707,8.6186,0.221778,0.206792,26.3052,6.402
Blitar,Jawa Timur,2022,24.883,28.8145,22.0184,3161.2,8.8932,85.7671,8.8173,17.7599,3.55674,1.18866,8.2751,0.248181,0.239071,26.0282,6.312
Blitar,Jawa Timur,2023,25.2285,29.7751,21.7967,1562.5,6.3014,81.8356,9.9249,19.8104,4.14321,1.63326,9.8041,0.166022,0.151501,27.1115,6.61
Blitar,Jawa Timur,2024,25.659016393442624,30.159562841530054,22.388524590163936,2240.7,7.248633879781421,82.9672131147541,9.593988395567699,19.1124043715847,4.026256830601093,1.592568306010929,9.230601092896174,0.18209562841530055,0.1660327868852459,27.29590163934426,5.559
Blitar,Jawa Timur,2025,25.124931506849315,29.609041095890408,22.21123287671233,2828.3,8.087671232876712,84.96438356164384,9.181393105022833,18.261397260273974,3.721123287671233,1.4608767123287671,7.7336986301369866,0.24995616438356164,0.25480821917808216,25.768767123287674,6.465
Blora,Jawa Tengah,2018,26.762465753424657,32.01534246575343,23.04931506849315,1691.6,5.6657534246575345,74.06301369863014,9.816035487062406,19.10427397260274,4.382328767123288,2.475232876712329,8.172602739726027,0.375627397260274,0.3711616438356164,29.072054794520547,5.86
Blora,Jawa Tengah,2019,26.9773,32.5038,23.0282,2046.5,6.3452,73.7479,10.1181,19.824,4.59362,2.61773,8.0934,0.36174,0.32937,29.3603,5.309
Blora,Jawa Tengah,2020,26.6137,31.288,23.3049,2601.7,8.3962,80.1503,9.4489,18.1924,4.00478,1.99249,7.5541,0.4135,0.40465,27.9967,5.121
Blora,Jawa Tengah,2021,26.3551,31.2463,23.023,2616.1,8.0877,80.4411,9.1443,18.1033,3.95137,2.02247,7.6479,0.41309,0.394581,27.7142,4.89
Blora,Jawa Tengah,2022,25.7704,30.5693,22.6027,2818.6,7.4521,83.7123,8.9336,18.5339,3.85189,1.68049,7.0611,0.438715,0.433197,26.9488,4.972
Blora,Jawa Tengah,2023,26.6137,31.9458,22.7156,1842.7,5.2849,76.1425,9.9544,20.4207,4.51438,2.34101,7.9178,0.373723,0.373899,28.283,4.787
Blora,Jawa Tengah,2024,26.74398907103825,31.79289617486339,23.163661202185793,2495.8,6.551912568306011,78.86065573770492,9.595679485428052,19.75775956284153,4.30792349726776,2.0891256830601095,7.483606557377049,0.3991120218579235,0.3935601092896175,28.225409836065573,5.002
Blora,Jawa Tengah,2025,25.997808219178083,30.306027397260277,22.965753424657535,2735.7,7.567123287671233,83.35068493150685,9.323377488584475,19.147835616438357,3.9736712328767125,1.5597260273972602,7.578630136986301,0.39851506849315066,0.402827397260274,27.156986301369862,5.057
Bogor,Jawa Barat,2018,25.869315068493147,30.343835616438355,22.472328767123287,1812.3,6.712328767123288,77.51780821917808,9.654472617960426,17.941972602739725,3.88986301369863,1.887205479452055,6.263287671232876,0.4114027397260274,0.39234794520547944,27.635890410958904,5.659
Bogor,Jawa Barat,2019,26.1663,30.9825,22.5153,2142.6,7.211,77.2274,9.9458,18.8285,4.06715,2.05386,5.6759,0.399633,0.389132,27.8581,5.599
Bogor,Jawa Barat,2020,25.7205,29.668,22.6858,3124.7,9.4754,82.3525,8.7637,16.7725,3.52399,1.48459,5.4495,0.437839,0.425148,26.6702,5.368
Bogor,Jawa Barat,2021,25.3329,29.1348,22.3419,3206.3,9.0959,83.2466,8.6838,16.9193,3.49422,1.32277,5.3326,0.457405,0.450025,26.1764,4.966
Bogor,Jawa Barat,2022,25.2786,29.3238,22.231,2814.8,7.5151,82.6795,8.7634,17.5517,3.62975,1.35482,5.6605,0.449948,0.438088,26.2888,5.355
Bogor,Jawa Barat,2023,26.2184,31.2312,22.4197,1882.6,6.1342,77.1753,9.7239,19.2233,4.13973,2.10885,5.7825,0.383395,0.3698,27.7923,5.554
Bogor,Jawa Barat,2024,26.41584699453552,31.257103825136614,22.83497267759563,2375.8,6.73224043715847,79.73497267759562,9.520009980267153,18.80065573770492,4.014562841530054,1.93551912568306,5.289071038251366,0.40538797814207655,0.3900054644808743,27.888524590163936,5.973
Bogor,Jawa Barat,2025,25.94630136986301,30.675890410958907,22.518082191780824,2727.1,7.498630136986302,81.07945205479452,9.09256393455099,18.039506849315067,3.803698630136986,1.7857260273972602,5.494520547945205,0.34880547945205476,0.3765671232876712,27.238630136986302,5.815
Bojonegoro,Jawa Timur,2018,27.486575342465756,32.72575342465753,23.714520547945202,1581.6,5.073972602739726,72.65753424657534,9.896563401826485,19.394657534246576,4.589561643835617,2.5995342465753426,7.981917808219178,0.2601232876712329,0.2558328767123288,29.855342465753427,5.584
Bojonegoro,Jawa Timur,2019,27.6726,33.1351,23.6756,1702.8,5.6384,72.2658,10.1375,19.9172,4.75471,2.72844,7.8775,0.255137,0.241945,30.0211,5.371
Bojonegoro,Jawa Timur,2020,27.3743,32.0883,23.9593,2521.1,8.265,78.1038,9.4065,18.241,4.15926,2.14117,7.2128,0.302503,0.292011,28.8342,5.374
Bojonegoro,Jawa Timur,2021,27.1373,32.1419,23.6995,2336.0,7.7014,78.3863,9.2953,18.4132,4.14507,2.20145,7.2682,0.296274,0.281647,28.6134,5.007
Bojonegoro,Jawa Timur,2022,26.5334,31.3825,23.3318,2979.8,7.4356,81.6877,8.883,18.6058,3.9883,1.842,6.6249,0.333123,0.318967,27.829,5.269
Bojonegoro,Jawa Timur,2023,27.4745,32.9797,23.5129,1721.5,4.8301,73.8384,9.9718,20.4746,4.71764,2.59992,7.84,0.259055,0.252745,29.2956,5.32
Bojonegoro,Jawa Timur,2024,27.486612021857926,32.68415300546448,23.852185792349726,2462.8,6.344262295081967,76.90983606557377,9.678253362173649,19.926530054644807,4.477349726775956,2.2826775956284155,7.08879781420765,0.2846666666666667,0.27180054644808743,29.123224043715847,5.415
Bojonegoro,Jawa Timur,2025,26.450410958904108,30.984657534246573,23.40054794520548,2782.3,7.175342465753425,83.0986301369863,9.294347732115677,19.271835616438356,4.0164109589041095,1.6347123287671232,6.061643835616438,0.31954520547945203,0.3331315068493151,27.394794520547947,5.472
Bondowoso,Jawa Timur,2018,25.366027397260275,30.224109589041095,21.863013698630137,1469.2,5.0,75.45753424657535,10.114178812785388,19.370849315068494,4.327013698630137,2.058219178082192,10.476986301369863,0.3302082191780822,0.3217205479452055,28.313150684931504,5.097
Bondowoso,Jawa Timur,2019,25.6205,30.7219,21.8605,1568.5,5.2329,74.6493,10.3804,20.0329,4.48567,2.2049,9.2797,0.331334,0.300638,28.569,4.702
Bondowoso,Jawa Timur,2020,25.5921,30.0418,22.3992,1825.5,6.9481,78.2049,9.9465,18.8348,4.10202,1.81803,8.7735,0.361227,0.351511,27.794,4.815
Bondowoso,Jawa Timur,2021,25.2025,29.697,22.0351,2080.8,6.7452,79.4164,9.6849,18.7036,3.98408,1.73268,9.3271,0.370389,0.362266,27.1485,5.016
Bondowoso,Jawa Timur,2022,24.8789,29.2077,21.7827,1912.1,6.4767,81.5534,9.5953,18.9942,3.91129,1.52159,8.7548,0.38197,0.363364,26.7019,4.948
Bondowoso,Jawa Timur,2023,25.4877,30.6071,21.7252,1361.3,4.3479,75.8685,10.3407,20.7421,4.50397,2.10773,9.8537,0.348808,0.346197,27.714,4.92
Bondowoso,Jawa Timur,2024,25.971584699453555,31.13306010928962,22.33497267759563,1541.2,5.092896174863388,76.77049180327869,10.137103210382515,19.99642076502732,4.404508196721311,2.1413387978142078,8.947540983606558,0.34780601092896174,0.3205,28.241803278688526,5.127
Bondowoso,Jawa Timur,2025,25.174520547945207,29.951232876712332,21.86958904109589,1271.4,5.123287671232877,79.9041095890411,9.906897808219178,19.481369863013697,4.074876712328767,1.7706575342465753,7.767397260273972,0.34959178082191783,0.31152876712328764,26.953698630136987,4.969
Boyolali,Jawa Tengah,2018,24.45260273972603,29.09945205479452,21.35972602739726,2750.3,6.424657534246576,74.93150684931507,9.85235117960426,19.65117808219178,4.422821917808219,1.8976712328767122,10.833424657534247,0.2604904109589041,0.25476164383561645,26.12027397260274,5.605
Boyolali,Jawa Tengah,2019,24.8299,29.8742,21.503,2869.8,6.5425,73.5123,10.0798,20.595,4.6874,2.12192,10.5005,0.254685,0.244526,26.5956,5.774
Boyolali,Jawa Tengah,2020,24.4781,28.4888,21.7699,4137.9,9.2923,80.582,9.3133,18.6718,3.95833,1.48098,8.8637,0.314833,0.303683,25.4713,4.72
Boyolali,Jawa Tengah,2021,24.2079,28.2392,21.4605,4382.7,9.3397,81.4521,9.1038,18.5014,3.87441,1.43797,8.7014,0.31654,0.308047,25.1164,5.617
Boyolali,Jawa Tengah,2022,23.9397,27.9597,21.343,4238.1,8.5096,82.611,8.8018,18.6313,3.80142,1.3126,9.3268,0.334112,0.32246,24.8444,5.735
Boyolali,Jawa Tengah,2023,24.7822,29.4759,21.6263,3279.1,5.9781,74.4411,9.8538,20.4497,4.64915,1.92762,11.3332,0.25006,0.250501,26.6318,5.561
Boyolali,Jawa Tengah,2024,24.979508196721312,29.381420765027322,22.059016393442622,3520.9,7.193989071038251,77.5846994535519,9.680642251062539,20.07953551912568,4.41672131147541,1.7098907103825138,9.859016393442623,0.27182240437158467,0.26196448087431695,26.65737704918033,5.57
Boyolali,Jawa Tengah,2025,24.27123287671233,28.54054794520548,21.610958904109587,4557.2,9.361643835616439,81.44931506849315,9.151257633181126,18.61676712328767,3.8600000000000003,1.4564383561643837,8.004657534246574,0.3373890410958904,0.33514246575342466,24.872054794520547,5.512
Brebes,Jawa Tengah,2018,26.976986301369863,30.775342465753425,24.270958904109587,1407.6,4.953424657534247,77.27671232876712,10.274026605783867,19.520301369863013,4.350301369863013,1.8826301369863012,8.707945205479453,0.2907041095890411,0.292172602739726,28.67616438356164,5.303
Brebes,Jawa Tengah,2019,27.2077,31.1321,24.3644,1649.6,5.9918,76.7041,10.3869,19.7984,4.41989,1.98241,8.1948,0.276745,0.267608,28.9132,5.431
Brebes,Jawa Tengah,2020,27.1052,30.4842,24.6525,2565.0,8.6202,81.7514,9.6214,18.2881,3.94505,1.59033,7.7126,0.316213,0.303025,28.218,6.091
Brebes,Jawa Tengah,2021,26.9055,30.311,24.4386,2560.0,8.2164,81.9068,9.5005,18.3975,3.93285,1.58211,8.1452,0.320756,0.305559,27.9348,5.458
Brebes,Jawa Tengah,2022,26.7266,30.2622,24.2907,2132.2,6.9945,82.5288,9.4515,18.9738,3.99436,1.52008,7.8874,0.342027,0.332175,27.7068,5.525
Brebes,Jawa Tengah,2023,27.5197,31.9816,24.2521,1330.8,4.9726,74.7342,10.3333,20.4216,4.65997,2.26674,8.7033,0.251737,0.238156,29.2485,5.384
Brebes,Jawa Tengah,2024,27.628415300546447,32.001639344262294,24.450000000000003,1959.0,6.3224043715847,77.3688524590164,10.108596455676988,20.084262295081967,4.489289617486339,2.0833333333333335,7.846448087431694,0.263,0.24994808743169397,29.22486338797814,5.501
Brebes,Jawa Tengah,2025,27.300273972602742,31.41260273972603,24.343013698630138,2143.4,7.03013698630137,78.47945205479452,9.66280598173516,19.25158904109589,4.217671232876713,1.9198082191780823,7.527123287671233,0.2569041095890411,0.2584164383561644,28.86027397260274,5.171
Ciamis,Jawa Barat,2018,23.903287671232878,27.742191780821916,21.18849315068493,2466.0,10.123287671232877,86.98630136986301,9.140319885844749,16.79504109589041,3.311068493150685,1.1222465753424657,5.612328767123287,0.3457479452054794,0.3369424657534246,25.46849315068493,5.733
Ciamis,Jawa Barat,2019,24.171,28.3208,21.2868,2335.0,10.4493,86.0603,9.431,17.3586,3.47403,1.26227,5.6181,0.315868,0.303501,25.7411,5.404
Ciamis,Jawa Barat,2020,24.3598,27.847,21.9954,4617.0,14.9891,90.0792,8.2985,15.5965,3.05445,0.9265,5.0311,0.399268,0.396038,25.368,5.343
Ciamis,Jawa Barat,2021,24.3189,28.0688,21.7537,3746.0,13.2329,88.9945,8.3047,16.2601,3.20293,1.02589,4.997,0.383674,0.373307,25.3534,5.823
Ciamis,Jawa Barat,2022,24.0707,28.0323,21.4263,4156.3,11.7205,89.3233,7.8812,16.652,3.25296,0.99885,4.9844,0.396603,0.392915,25.1636,5.474
Ciamis,Jawa Barat,2023,24.2767,28.674,21.1126,2209.3,9.3096,85.7342,9.1552,18.2763,3.6526,1.33049,5.6033,0.313556,0.298677,25.6512,5.542
Ciamis,Jawa Barat,2024,24.629781420765028,29.056830601092894,21.704918032786885,3188.8,10.183060109289617,87.66666666666667,9.181074666059503,18.239562841530056,3.6207103825136615,1.2603825136612021,5.171857923497268,0.35204918032786886,0.34068032786885244,25.746174863387978,5.332
Ciamis,Jawa Barat,2025,24.293150684931508,29.216986301369865,21.436438356164384,3422.7,10.758904109589041,89.15616438356165,8.462105258751903,17.334739726027397,3.449890410958904,1.3746301369863014,4.6136986301369864,0.3872657534246575,0.38396712328767124,24.946027397260274,5.658
Cianjur,Jawa Barat,2018,24.024383561643834,28.702191780821916,20.27068493150685,1792.9,6.4301369863013695,78.03013698630137,9.743357496194825,18.96857534246575,3.9094246575342466,1.798931506849315,6.1265753424657525,0.3924246575342466,0.37624383561643837,26.064657534246578,5.588
Cianjur,Jawa Barat,2019,24.4063,29.4348,20.3581,2083.9,6.7671,76.9014,10.0823,20.1913,4.1834,2.00693,5.6153,0.3744,0.35951,26.5205,5.443
Cianjur,Jawa Barat,2020,23.9369,27.9303,20.721,3400.5,9.582,82.724,8.9887,17.8026,3.57992,1.37883,5.473,0.415852,0.399538,25.2109,5.472
Cianjur,Jawa Barat,2021,23.5301,27.5373,20.2995,3834.4,9.3397,83.7507,8.7991,17.979,3.56682,1.29616,5.5551,0.424395,0.412208,24.7268,5.388
Cianjur,Jawa Barat,2022,23.4378,27.5729,20.1808,2846.8,7.526,83.7096,8.8185,18.3891,3.6371,1.24726,6.0236,0.430953,0.419463,24.5997,5.333
Cianjur,Jawa Barat,2023,24.3942,29.3597,20.4685,1821.9,6.0575,77.4877,9.8241,20.2469,4.1891,1.92704,5.9723,0.372222,0.356375,26.1868,5.617
Cianjur,Jawa Barat,2024,24.587704918032788,29.432240437158473,20.898360655737704,2725.5,6.969945355191257,79.61748633879782,9.60429288099575,19.603551912568307,4.040628415300546,1.7760109289617485,5.9005464480874315,0.39586885245901643,0.3844344262295082,26.037431693989074,5.991
Cianjur,Jawa Barat,2025,23.843013698630138,28.958904109589042,20.338630136986303,3286.2,8.24931506849315,82.30684931506849,9.16343407153729,18.632383561643834,3.791452054794521,1.6914520547945204,5.863013698630137,0.4293917808219178,0.42501095890410956,24.581643835616436,5.824
Cilacap,Jawa Tengah,2018,25.86219178082192,27.884931506849316,23.976164383561642,1803.1,9.147945205479452,84.44657534246575,9.966005068493152,19.325342465753426,3.8685753424657534,0.982027397260274,12.244109589041097,0.19107397260273973,0.18663013698630138,27.908493150684933,6.397
Cilacap,Jawa Tengah,2019,25.7271,27.8318,23.8208,1599.7,8.3808,85.937,10.2702,20.1064,3.89216,0.97792,11.7329,0.160512,0.149849,28.3586,6.355
Cilacap,Jawa Tengah,2020,26.1724,28.0612,24.4645,3424.4,14.6913,87.4208,9.2047,17.7684,3.50795,0.79962,11.7046,0.258601,0.254126,27.2915,6.749
Cilacap,Jawa Tengah,2021,26.2247,28.3463,24.2937,2748.2,12.5342,85.7863,9.2455,18.3675,3.69173,0.9203,10.9852,0.228633,0.214164,27.5781,6.39
Cilacap,Jawa Tengah,2022,26.0167,28.3,24.0044,2842.1,12.0137,86.0849,9.0728,18.7279,3.7326,0.91729,9.9784,0.244762,0.235474,27.2699,6.232
Cilacap,Jawa Tengah,2023,26.0049,28.3252,23.8433,1449.6,7.4466,83.9452,10.0456,20.6137,4.09986,1.07132,11.7863,0.149378,0.138293,28.4326,6.452
Cilacap,Jawa Tengah,2024,26.61256830601093,29.062841530054644,24.503551912568305,2178.0,9.158469945355192,83.64754098360656,9.999750053126897,20.294972677595627,4.1725683060109295,1.1289890710382513,11.970491803278689,0.16379234972677595,0.14416120218579234,28.693169398907106,6.123
Cilacap,Jawa Tengah,2025,26.33671232876712,29.11068493150685,24.127123287671232,2884.0,11.542465753424658,84.72054794520548,9.38252703957382,19.16608219178082,3.9370684931506847,1.1902191780821918,10.072328767123288,0.2335671232876712,0.2401013698630137,27.145479452054797,6.026
Cirebon,Jawa Barat,2018,27.61123287671233,31.63917808219178,24.440273972602743,1502.0,4.298630136986302,72.23561643835616,10.412965677321157,19.91745205479452,4.91013698630137,2.1584657534246574,10.7986301369863,0.15922191780821918,0.16279452054794522,29.394520547945206,5.582
Cirebon,Jawa Barat,2019,27.8701,32.0904,24.5003,1833.0,5.0548,71.1699,10.53,20.3076,5.10526,2.29458,11.014,0.133573,0.123696,29.8501,5.731
Cirebon,Jawa Barat,2020,27.7516,31.4087,24.9202,2782.0,7.5246,76.3852,9.7645,18.5664,4.4694,1.90637,10.1462,0.180478,0.155891,29.068,5.972
Cirebon,Jawa Barat,2021,27.4173,31.2263,24.4323,2549.0,7.3205,77.3616,9.6938,18.6314,4.33542,1.90208,9.6825,0.17829,0.151447,28.7625,5.471
Cirebon,Jawa Barat,2022,27.1551,31.0058,24.2649,2249.4,6.4959,79.1096,9.6822,19.0315,4.25304,1.75247,8.6786,0.204603,0.189373,28.1964,5.827
Cirebon,Jawa Barat,2023,27.9751,32.6863,24.1499,1608.9,4.4904,71.126,10.4492,20.6286,5.00014,2.47858,9.7978,0.143649,0.11703,29.663,5.989
Cirebon,Jawa Barat,2024,28.227595628415298,32.777049180327865,24.55710382513661,2118.3,5.448087431693989,73.10655737704919,10.282655646630236,20.17912568306011,4.7978688524590165,2.3224863387978143,8.592896174863387,0.142724043715847,0.13631967213114754,29.88715846994536,6.045
Cirebon,Jawa Barat,2025,27.796438356164387,31.77972602739726,24.816986301369866,2404.8,6.597260273972603,75.63013698630137,9.770895129375951,19.199205479452054,4.364246575342466,2.0061917808219176,7.543287671232878,0.15967671232876712,0.17713972602739728,29.433972602739725,6.056
Demak,Jawa Tengah,2018,27.27890410958904,32.40849315068493,23.8813698630137,1947.5,6.326027397260274,74.88767123287671,9.976133432267885,19.742794520547946,4.512684931506849,2.472986301369863,8.241095890410959,0.3846383561643836,0.38525753424657533,28.621917808219177,6.116
Demak,Jawa Tengah,2019,27.5855,33.0104,23.9614,2207.5,6.8466,73.9205,10.1785,20.2758,4.6757,2.66929,7.9288,0.370351,0.362197,28.9405,6.247
Demak,Jawa Tengah,2020,27.173,31.7508,24.0418,2820.8,8.9399,80.6503,9.5906,18.9236,4.13842,2.01126,7.6085,0.421451,0.415691,27.9251,6.176
Demak,Jawa Tengah,2021,26.8633,31.5123,23.7545,2911.6,9.0685,81.2575,9.2602,18.5688,4.02899,1.98641,7.8104,0.424395,0.413271,27.5893,6.193
Demak,Jawa Tengah,2022,26.3452,31.0047,23.36,3041.1,8.1425,83.8548,9.0902,19.0029,3.98085,1.71241,7.4392,0.450181,0.446438,26.9778,5.964
Demak,Jawa Tengah,2023,27.3268,32.734,23.5805,1923.8,5.8027,75.926,10.1778,20.8235,4.67471,2.48184,8.1753,0.368293,0.386641,28.4518,5.692
Demak,Jawa Tengah,2024,27.337978142076505,32.52103825136612,23.837158469945354,2656.1,7.098360655737705,79.39071038251366,9.781590376442017,20.150136612021857,4.431120218579235,2.189153005464481,7.452732240437158,0.39031693989071037,0.40607377049180327,28.434426229508198,5.936
Demak,Jawa Tengah,2025,26.903835616438354,31.489315068493152,23.753424657534246,3141.6,8.386301369863014,81.43561643835616,9.329302237442922,19.29750684931507,4.176027397260274,1.8515068493150684,7.863835616438356,0.4158,0.4078739726027397,28.075068493150685,5.834
Garut,Jawa Barat,2018,22.2413698630137,26.57123287671233,18.865205479452055,2222.4,7.254794520547946,84.9041095890411,9.457760334855402,18.024602739726028,3.5437808219178084,1.2116164383561645,5.31068493150685,0.29541369863013694,0.2906,24.34931506849315,5.592
Garut,Jawa Barat,2019,22.4668,27.063,18.9041,2339.9,7.0521,83.7507,9.9365,19.2354,3.79479,1.34403,5.486,0.283937,0.282099,24.6567,5.59
Garut,Jawa Barat,2020,22.6929,26.3978,19.8585,4158.7,11.2322,88.4399,8.7972,16.5885,3.23366,0.96702,4.6022,0.359235,0.35456,23.9415,5.456
Garut,Jawa Barat,2021,22.4573,26.3236,19.3995,3750.7,9.8521,88.0137,8.7815,16.9732,3.29753,0.98584,4.551,0.3614,0.354811,23.6427,5.836
Garut,Jawa Barat,2022,22.3619,26.4652,19.1723,3466.9,9.3479,88.3205,8.4811,17.2984,3.35326,0.98523,4.549,0.376942,0.373521,23.5285,5.811
Garut,Jawa Barat,2023,22.6534,27.2504,18.983,2289.6,7.0712,84.6904,9.5374,19.1396,3.7894,1.31222,5.1932,0.296614,0.293712,24.5132,6.088
Garut,Jawa Barat,2024,23.123224043715847,27.680874316939892,19.602459016393443,2717.5,7.956284153005464,85.88524590163935,9.531354591681845,18.698469945355193,3.7146174863387977,1.2564754098360655,4.598907103825137,0.32231147540983607,0.3228497267759563,24.66393442622951,6.351
Garut,Jawa Barat,2025,22.805479452054794,28.027671232876713,19.253424657534246,3267.6,9.421917808219177,86.67671232876712,8.925149581430746,17.889232876712327,3.582575342465754,1.4306027397260273,4.1128767123287675,0.36373150684931504,0.36603287671232876,23.710684931506847,5.909
Gresik,Jawa Timur,2018,27.508767123287672,30.87123287671233,24.618356164383563,1209.5,4.912328767123288,75.89315068493151,10.279502602739726,20.1913698630137,4.531917808219179,1.9717808219178083,9.315890410958904,0.27978082191780823,0.28437808219178085,29.609863013698632,6.093
Gresik,Jawa Timur,2019,27.6553,31.1699,24.6145,1279.0,5.1233,75.4192,10.4284,20.6919,4.70447,2.07025,9.6392,0.259367,0.253797,29.9901,5.965
Gresik,Jawa Timur,2020,27.682,30.8779,25.0402,1871.8,7.3251,78.5738,9.8341,19.0688,4.27678,1.80503,9.3664,0.300385,0.292418,29.1967,6.084
Gresik,Jawa Timur,2021,27.3268,30.5578,24.7482,2028.3,7.2767,79.8575,9.6862,19.0008,4.13373,1.70055,9.0573,0.312403,0.305282,28.6427,6.184
Gresik,Jawa Timur,2022,26.9836,30.114,24.5049,2340.9,6.8301,81.7753,9.4912,18.9879,4.00789,1.49241,8.3753,0.340099,0.334562,28.2014,6.498
Gresik,Jawa Timur,2023,27.8858,32.1378,24.3616,1499.2,4.7397,74.3808,10.3334,20.809,4.76915,2.36641,8.9989,0.258036,0.248888,29.8668,6.305
Gresik,Jawa Timur,2024,28.251912568306015,33.00027322404372,24.570491803278685,1915.1,5.9316939890710385,74.44262295081967,10.049799225865211,20.161967213114753,4.683005464480875,2.487021857923497,8.146448087431693,0.24459016393442623,0.21656284153005464,30.30573770491803,6.085
Gresik,Jawa Timur,2025,27.53041095890411,32.12109589041096,24.22876712328767,2037.7,6.50958904109589,78.10684931506849,9.766206788432267,19.529890410958902,4.287479452054795,2.1656438356164385,6.9,0.2501506849315069,0.27783835616438357,29.144109589041097,6.058
Grobogan,Jawa Tengah,2018,26.689589041095893,31.913972602739726,23.133972602739725,2024.7,6.03013698630137,76.02191780821917,9.945466841704718,19.585479452054795,4.362164383561644,2.368657534246575,7.926027397260274,0.2874109589041096,0.28202191780821917,28.21972602739726,5.924
Grobogan,Jawa Tengah,2019,26.9942,32.5258,23.1663,2483.5,6.9151,75.2384,10.1247,20.1521,4.5191,2.56523,7.417,0.274438,0.264844,28.5066,5.672
Grobogan,Jawa Tengah,2020,26.5516,31.2437,23.4016,3207.0,8.9891,82.3825,9.54,18.6519,3.95992,1.89363,6.9516,0.338096,0.333568,27.3689,6.11
Grobogan,Jawa Tengah,2021,26.2142,30.9241,23.126,2972.8,8.7425,83.0767,9.2018,18.425,3.87773,1.82,7.2877,0.338307,0.329608,27.0236,6.037
Grobogan,Jawa Tengah,2022,25.883,30.7389,22.9115,3078.4,7.8877,84.3425,9.0469,18.9162,3.90329,1.6897,7.4189,0.358277,0.352827,26.6729,5.71
Grobogan,Jawa Tengah,2023,26.7756,32.2159,22.9633,1910.5,5.4658,76.6466,10.0806,20.7824,4.56816,2.38726,7.9173,0.283397,0.283436,28.0567,5.233
Grobogan,Jawa Tengah,2024,26.86693989071038,32.12459016393443,23.33005464480874,2675.1,7.0,79.83333333333333,9.755630229204614,20.176530054644807,4.360300546448087,2.1360109289617486,7.368306010928962,0.30695628415300547,0.30037704918032787,28.172677595628418,6.175
Grobogan,Jawa Tengah,2025,26.142739726027397,30.70027397260274,23.095342465753422,2941.0,7.950684931506849,83.57260273972602,9.355837404870623,19.32241095890411,4.004657534246576,1.664082191780822,7.263013698630137,0.34285753424657534,0.3358986301369863,27.274520547945208,5.937
Gunung Kidul,DI Yogyakarta,2018,24.791780821917808,29.026027397260275,21.80931506849315,1661.6,6.8273972602739725,82.48219178082192,9.666340738203958,18.224082191780823,3.831068493150685,1.5375616438356166,10.840821917808219,0.3826931506849315,0.3833013698630137,26.86219178082192,5.359
Gunung Kidul,DI Yogyakarta,2019,25.0899,29.8016,21.911,1957.9,6.4384,81.5096,10.0408,19.4013,4.14044,1.74696,10.9663,0.355268,0.343085,27.4682,4.06
Gunung Kidul,DI Yogyakarta,2020,25.174,29.1577,22.4074,2810.6,9.2732,85.3169,9.1289,17.3948,3.60131,1.36705,9.9776,0.422951,0.409481,26.6372,4.189
Gunung Kidul,DI Yogyakarta,2021,25.0455,29.1759,22.1742,2790.4,9.3918,84.9178,8.9962,17.4589,3.60532,1.41323,9.1556,0.421962,0.40646,26.5148,4.701
Gunung Kidul,DI Yogyakarta,2022,24.6978,28.6647,21.8879,3094.7,9.4904,86.2192,8.5205,17.3778,3.48359,1.20573,8.7397,0.452499,0.446734,25.9164,4.538
Gunung Kidul,DI Yogyakarta,2023,25.1203,29.7515,21.8718,1502.8,6.4192,81.537,9.9058,19.9299,4.18542,1.7057,10.7299,0.37097,0.358658,27.0433,4.596
Gunung Kidul,DI Yogyakarta,2024,25.4672131147541,29.974316939890713,22.363661202185792,2361.1,7.841530054644808,83.33879781420765,9.525979622040074,19.11937158469945,4.006174863387978,1.5971038251366119,9.780327868852458,0.4023087431693989,0.3859371584699453,27.085519125683057,3.761
Gunung Kidul,DI Yogyakarta,2025,24.99013698630137,29.3,22.11068493150685,2831.0,8.813698630136987,85.5123287671233,9.126845738203958,18.414876712328766,3.737698630136986,1.390986301369863,8.71945205479452,0.4079369863013698,0.40204383561643836,26.12684931506849,4.732
Indramayu,Jawa Barat,2018,27.773150684931508,31.52082191780822,24.56082191780822,1147.0,4.93972602739726,72.27123287671233,10.322724817351599,19.860602739726026,4.686,2.153041095890411,9.89890410958904,0.22757534246575342,0.21007397260273974,30.627397260273973,5.942
Indramayu,Jawa Barat,2019,27.9186,31.8586,24.4263,1192.9,5.2493,71.9753,10.569,20.5914,4.85973,2.24334,9.6499,0.190967,0.169589,30.9482,6.38
Indramayu,Jawa Barat,2020,27.906,31.4508,24.9096,1921.1,7.7432,76.4153,9.7319,18.7154,4.34762,1.95943,9.5811,0.246459,0.19524,30.2333,6.016
Indramayu,Jawa Barat,2021,27.514,31.1449,24.5307,1960.3,7.7151,77.6658,9.6311,18.6584,4.22205,1.89279,9.397,0.255622,0.2186,29.783,5.812
Indramayu,Jawa Barat,2022,27.4112,31.2923,24.337,1708.8,6.5753,77.8356,9.6281,19.166,4.26655,1.90104,8.8019,0.253145,0.212132,29.8332,6.042
Indramayu,Jawa Barat,2023,28.1537,32.7405,24.2978,1007.0,4.7123,71.3753,10.5053,20.8365,4.92792,2.53216,9.5595,0.206337,0.177422,31.146,6.18
Indramayu,Jawa Barat,2024,28.21967213114754,32.871038251366116,24.522677595628412,1948.1,6.008196721311475,74.74863387978142,10.232252542501517,20.25691256830601,4.7054371584699455,2.3591803278688523,8.47568306010929,0.25549453551912565,0.2375928961748634,30.352185792349726,6.574
Indramayu,Jawa Barat,2025,27.554794520547944,32.03671232876712,24.084657534246574,2523.0,7.082191780821918,78.07945205479452,9.763713774733638,19.313150684931507,4.3010684931506855,2.0915342465753426,7.505753424657534,0.26217808219178085,0.2417972602739726,29.19671232876712,6.611
Jember,Jawa Timur,2018,25.84794520547945,30.09095890410959,22.783835616438356,1917.7,8.528767123287672,81.53150684931506,9.60007889649924,17.72704109589041,3.704027397260274,1.599205479452055,5.749041095890411,0.29566849315068494,0.2747780821917808,27.89068493150685,5.504
Jember,Jawa Timur,2019,26.2008,30.8959,22.8745,1973.8,8.0658,80.589,9.9793,18.8714,4.00562,1.85795,5.7008,0.27123,0.249822,28.557,4.991
Jember,Jawa Timur,2020,26.353,30.577,23.4123,2379.1,9.7732,82.5027,9.55,17.7377,3.70601,1.62978,4.9331,0.295888,0.267325,28.1454,4.854
Jember,Jawa Timur,2021,25.9811,30.0959,23.0751,2377.6,9.5178,83.3836,9.1204,17.5008,3.61126,1.47827,5.1452,0.311855,0.293775,27.4819,4.964
Jember,Jawa Timur,2022,25.7764,29.9351,22.8852,3138.6,8.5589,84.2575,8.9875,18.052,3.66471,1.36066,4.9912,0.346641,0.325882,27.1858,5.126
Jember,Jawa Timur,2023,25.9715,30.5726,22.8345,1992.5,7.3507,81.7425,9.7541,19.3466,3.99595,1.66477,5.7085,0.292556,0.280345,27.4934,5.131
Jember,Jawa Timur,2024,26.280054644808743,30.908743169398907,23.252185792349724,2367.1,7.308743169398907,83.22131147540983,9.694252193381907,19.13606557377049,3.9519125683060112,1.6285792349726775,4.996448087431694,0.314879781420765,0.29711475409836063,27.544808743169398,5.191
Jember,Jawa Timur,2025,26.026575342465755,30.438904109589043,23.14438356164384,2662.6,7.5698630136986305,82.5123287671233,9.375699581430746,18.520027397260275,3.803698630136986,1.5874520547945203,4.146575342465753,0.33186027397260276,0.31842739726027397,26.97780821917808,5.017
Jepara,Jawa Tengah,2018,26.866849315068492,30.06931506849315,24.25041095890411,3318.0,8.03013698630137,76.41095890410959,10.09750692541857,19.878109589041095,4.442767123287671,1.7197534246575343,10.457260273972603,0.3952821917808219,0.3978931506849315,28.62109589041096,5.202
Jepara,Jawa Tengah,2019,27.2063,30.5855,24.3874,2720.5,7.5918,75.1397,10.2454,20.4544,4.61014,1.90545,9.7003,0.378827,0.372175,29.294,5.342
Jepara,Jawa Tengah,2020,27.0686,30.05,24.5986,3843.4,10.3197,80.2022,9.6026,18.9889,4.07481,1.55404,8.6423,0.419495,0.403393,28.3046,5.011
Jepara,Jawa Tengah,2021,26.6573,29.5899,24.2474,4233.2,10.5863,81.1726,9.4113,18.6036,3.94482,1.44175,9.2471,0.424545,0.411118,27.7482,4.819
Jepara,Jawa Tengah,2022,26.3879,29.2986,24.0929,3962.2,9.611,82.5068,9.2891,18.7409,3.89542,1.26148,9.249,0.451882,0.44363,27.1964,4.884
Jepara,Jawa Tengah,2023,27.1521,30.5992,24.354,2779.9,7.2575,75.6082,10.1976,20.6805,4.63282,1.83427,10.5833,0.380658,0.375159,28.5827,4.926
Jepara,Jawa Tengah,2024,27.191530054644808,30.473497267759562,24.62295081967213,3294.7,8.92896174863388,79.15300546448087,9.779065619307831,19.707349726775956,4.299617486338798,1.596530054644809,9.216120218579235,0.4162896174863388,0.4119453551912568,28.27540983606557,5.19
Jepara,Jawa Tengah,2025,26.575068493150685,29.837260273972603,24.146575342465752,3533.5,10.046575342465754,81.64109589041095,9.444869870624048,18.836986301369862,3.9464657534246577,1.4287671232876713,8.352054794520548,0.45682739726027394,0.45980821917808223,27.048493150684934,4.992
Jombang,Jawa Timur,2018,27.26684931506849,33.26164383561644,23.168767123287672,1875.6,4.865753424657535,73.74246575342465,9.997346910197868,19.621917808219177,4.497917808219178,2.7966301369863014,7.090958904109589,0.2549178082191781,0.24026027397260272,29.285479452054798,6.221
Jombang,Jawa Timur,2019,27.2189,33.3764,23.0189,2272.9,5.7205,75.0192,10.079,20.2029,4.53838,2.78918,6.3553,0.257551,0.251181,29.1778,6.132
Jombang,Jawa Timur,2020,27.035,32.4967,23.4464,3198.7,7.9617,80.1803,9.5558,18.8745,4.13079,2.27943,5.9609,0.291828,0.281831,28.3246,6.151
Jombang,Jawa Timur,2021,26.6753,32.1611,23.1364,3045.5,7.6521,81.2822,9.307,18.6549,4.04852,2.16526,6.2222,0.309052,0.298814,27.763,5.946
Jombang,Jawa Timur,2022,26.1427,31.6877,22.803,3713.3,7.2438,83.9425,8.9437,18.8743,3.96559,1.91381,5.9699,0.34103,0.331934,27.1025,6.142
Jombang,Jawa Timur,2023,26.9956,33.0532,22.9214,2045.4,5.0411,76.8411,9.9734,20.55,4.54759,2.57003,6.8033,0.273477,0.271474,28.3222,6.111
Jombang,Jawa Timur,2024,27.104371584699457,32.82978142076503,23.41994535519126,2980.1,6.1502732240437155,79.86065573770492,9.724587925015179,20.09691256830601,4.394289617486339,2.283825136612022,6.718852459016393,0.29983060109289617,0.29185245901639345,28.37896174863388,6.182
Jombang,Jawa Timur,2025,26.42876712328767,31.329863013698628,23.172602739726027,3086.5,6.7972602739726025,82.7972602739726,9.469590783866057,19.579123287671234,4.1372328767123285,1.7672054794520546,6.7194520547945205,0.31117808219178084,0.3252219178082192,27.662465753424655,6.19
Karanganyar,Jawa Tengah,2018,24.766301369863015,29.11013698630137,21.40821917808219,1761.1,6.164383561643835,74.66301369863014,9.918658036529681,18.86397260273973,4.093808219178082,1.826849315068493,9.213972602739727,0.38541095890410965,0.3882684931506849,26.738904109589043,6.203
Karanganyar,Jawa Tengah,2019,25.103,29.7923,21.3959,2869.5,7.1863,74.0712,10.044,19.3368,4.19688,2.04008,7.8016,0.383553,0.377811,27.3159,6.176
Karanganyar,Jawa Tengah,2020,24.879,28.7046,21.9178,3137.4,9.8743,80.1393,9.3721,18.0222,3.73369,1.49011,7.7325,0.434199,0.424107,26.0374,6.002
Karanganyar,Jawa Tengah,2021,24.4721,28.1356,21.6438,3440.3,9.5014,81.1068,9.0693,17.6436,3.61819,1.31899,8.3255,0.44291,0.439493,25.3266,5.986
Karanganyar,Jawa Tengah,2022,24.309,28.0392,21.58,3809.5,9.0932,81.7342,8.96,17.7155,3.59973,1.24915,8.5375,0.458751,0.454956,25.1466,6.068
Karanganyar,Jawa Tengah,2023,24.9984,29.5351,21.5126,2296.7,6.0466,75.2822,9.966,19.4903,4.21934,1.84997,9.3518,0.390036,0.395277,26.446,6.218
Karanganyar,Jawa Tengah,2024,25.239071038251367,29.512021857923497,22.0551912568306,2978.7,7.939890710382514,78.54918032786885,9.604528870673953,18.841120218579235,4.003415300546448,1.631639344262295,8.474863387978143,0.41516393442622945,0.41395355191256833,26.424043715846995,6.083
Karanganyar,Jawa Tengah,2025,24.57643835616438,28.665479452054793,21.85287671232877,2809.9,8.810958904109588,81.33972602739726,9.279704452054796,18.308082191780823,3.770027397260274,1.41013698630137,8.063287671232876,0.44118356164383565,0.43453424657534245,24.984931506849314,5.891
Karawang,Jawa Barat,2018,27.365753424657534,32.013698630136986,23.955068493150687,1822.6,6.134246575342465,76.40547945205479,10.048134847792998,18.64832876712329,4.178493150684932,2.1987671232876713,7.147945205479452,0.2896027397260274,0.27844657534246575,29.586027397260274,5.683
Karawang,Jawa Barat,2019,27.6479,32.6625,23.8718,1936.5,6.8274,75.8521,10.3353,19.3363,4.36096,2.40271,6.686,0.266814,0.22691,29.8778,6.016
Karawang,Jawa Barat,2020,27.3235,31.8038,24.1199,2830.8,9.1421,80.3525,9.263,17.2765,3.83295,1.99445,6.9044,0.311227,0.28876,28.7907,5.98
Karawang,Jawa Barat,2021,26.9041,31.3362,23.7252,2729.4,9.2712,81.3973,9.109,17.2882,3.74296,1.854,6.5893,0.318405,0.295512,28.2679,6.236
Karawang,Jawa Barat,2022,26.5707,31.3241,23.3827,2672.4,7.4849,82.9753,9.3169,18.2065,3.84126,1.77844,6.3781,0.341405,0.319312,27.9507,6.005
Karawang,Jawa Barat,2023,27.5937,32.9353,23.9041,2140.6,6.0658,76.5014,10.193,19.7348,4.41641,2.47258,6.9852,0.281499,0.261827,29.4345,5.987
Karawang,Jawa Barat,2024,27.863387978142075,32.97622950819672,24.441803278688525,2477.7,6.811475409836065,77.94262295081967,9.890184312386156,19.188551912568308,4.263087431693989,2.3591803278688523,6.785792349726775,0.2950163934426229,0.2746448087431694,29.594535519125685,5.689
Karawang,Jawa Barat,2025,27.096164383561646,31.553424657534247,24.170136986301372,2673.1,7.553424657534246,81.40273972602739,9.482471841704719,18.46246575342466,3.972958904109589,1.8584383561643836,7.167397260273972,0.27625753424657534,0.2755232876712329,28.214246575342468,5.906
Kebumen,Jawa Tengah,2018,25.761369863013698,29.05095890410959,22.996438356164386,2085.6,8.361643835616439,82.77260273972603,9.579291141552511,17.90884931506849,3.705260273972603,1.2848493150684932,8.23150684931507,0.2923753424657534,0.28275616438356166,27.5013698630137,5.742
Kebumen,Jawa Tengah,2019,25.9567,29.4836,23.126,2037.3,7.9753,82.5562,9.9135,18.9045,3.92296,1.4071,8.4847,0.260189,0.246447,27.9896,5.609
Kebumen,Jawa Tengah,2020,26.2167,29.3699,23.6462,3405.0,12.1721,85.6202,8.8086,16.8693,3.48484,1.16743,7.9426,0.325038,0.303153,27.3833,5.041
Kebumen,Jawa Tengah,2021,26.2233,29.5668,23.5238,3315.9,10.9534,84.0055,8.8913,17.2732,3.60222,1.28425,7.5389,0.305219,0.279197,27.4608,5.265
Kebumen,Jawa Tengah,2022,25.8225,29.2101,23.1518,3556.7,11.074,85.6219,8.6973,17.6616,3.57956,1.12668,7.011,0.352014,0.334263,26.8918,5.634
Kebumen,Jawa Tengah,2023,26.0159,29.7696,23.0104,1894.9,7.4904,82.2247,9.7886,19.5182,4.02937,1.43378,8.2074,0.266518,0.254312,27.6671,5.352
Kebumen,Jawa Tengah,2024,26.418852459016392,30.16912568306011,23.44945355191257,2884.7,8.989071038251366,83.39617486338798,9.624423337887068,19.008907103825138,3.954098360655738,1.4049180327868853,7.894262295081968,0.29361475409836063,0.2721584699453552,27.92021857923497,5.178
Kebumen,Jawa Tengah,2025,26.020273972602737,29.8413698630137,23.26904109589041,3273.8,10.295890410958904,85.03561643835616,9.014752754946727,18.151424657534246,3.7310410958904106,1.3181369863013699,7.014520547945206,0.3503315068493151,0.34154520547945205,26.97808219178082,5.465
Kediri,Jawa Timur,2018,26.35095890410959,31.061917808219178,23.2813698630137,1255.0,4.846575342465753,77.37534246575342,9.994038378995434,19.14742465753425,4.544082191780822,2.0325205479452055,14.391506849315068,0.24705205479452055,0.23927671232876713,28.353698630136986,5.94
Kediri,Jawa Timur,2019,26.563,31.7351,23.3255,1938.3,5.6137,77.2055,10.1462,19.9656,4.76337,2.20553,14.3482,0.24729,0.232011,28.6455,5.649
Kediri,Jawa Timur,2020,26.4615,30.7216,23.6811,2414.8,8.041,81.7678,9.5646,18.4014,4.12014,1.67784,12.6429,0.29706,0.27912,27.8167,5.938
Kediri,Jawa Timur,2021,26.2668,30.5471,23.4619,2381.9,7.7342,81.8,9.2632,18.2036,4.0383,1.66633,12.3071,0.300244,0.286636,27.4592,5.645
Kediri,Jawa Timur,2022,25.8827,30.0827,23.2,3010.9,7.3397,83.4575,9.0228,18.4712,3.93608,1.42542,11.9838,0.340589,0.331452,26.8923,5.747
Kediri,Jawa Timur,2023,26.649,31.5101,23.5066,1746.8,4.9452,76.874,10.0536,20.1407,4.79699,2.08285,14.709,0.245189,0.236066,28.3351,5.87
Kediri,Jawa Timur,2024,27.016120218579236,31.833333333333332,24.02950819672131,2059.3,6.163934426229508,78.50546448087432,9.784486012446873,19.729016393442624,4.629699453551913,2.009562841530055,13.443169398907104,0.25759562841530054,0.23620765027322405,28.59426229508197,5.708
Kediri,Jawa Timur,2025,26.318356164383562,30.832876712328765,23.538630136986303,2084.5,6.767123287671233,81.91232876712328,9.472334101978692,18.874602739726026,4.1257534246575345,1.7147671232876711,11.089863013698631,0.2585178082191781,0.28446027397260276,27.344657534246572,5.799
Kendal,Jawa Tengah,2018,27.155890410958904,30.7441095890411,24.14958904109589,1495.8,5.238356164383561,75.07397260273973,10.27664289193303,20.687424657534248,4.646,1.83986301369863,9.27068493150685,0.26514794520547946,0.258841095890411,28.99041095890411,5.412
Kendal,Jawa Tengah,2019,27.357,31.0537,24.2112,1665.7,5.8904,75.4192,10.457,21.2008,4.7231,1.91112,8.8436,0.261718,0.253058,29.1222,5.882
Kendal,Jawa Tengah,2020,27.3098,30.7656,24.4445,2576.9,7.9508,79.8361,9.851,19.898,4.31123,1.66527,8.3874,0.297918,0.280623,28.5795,5.425
Kendal,Jawa Tengah,2021,26.9175,30.2693,24.1101,2566.2,7.9507,80.7096,9.5962,19.4852,4.16148,1.54616,8.6948,0.305504,0.293329,28.0381,5.527
Kendal,Jawa Tengah,2022,26.6123,30.0551,23.8003,2603.2,7.4548,82.1863,9.4945,19.8024,4.13025,1.40564,8.16,0.337811,0.324364,27.5244,5.208
Kendal,Jawa Tengah,2023,27.4707,31.4532,24.0348,1578.6,5.2247,74.5041,10.46,21.5112,4.81808,2.01616,9.1433,0.228584,0.233986,29.3718,5.375
Kendal,Jawa Tengah,2024,27.67431693989071,31.675409836065576,24.26366120218579,1940.1,6.306010928961749,76.8743169398907,10.176510716454159,20.969071038251368,4.630737704918032,1.9464207650273224,8.102459016393443,0.22999180327868854,0.22228142076502733,29.586612021857924,5.998
Kendal,Jawa Tengah,2025,27.207397260273975,31.208493150684934,23.982191780821918,2232.9,7.383561643835616,78.4,9.668531445966513,19.808109589041095,4.315315068493151,1.8610136986301369,8.036986301369863,0.236813698630137,0.1909013698630137,28.84931506849315,5.433
Klaten,Jawa Tengah,2018,26.226575342465754,31.407123287671233,22.761095890410957,1266.9,5.076712328767123,75.81369863013698,9.914584695585996,18.87145205479452,4.292164383561644,2.2553972602739725,9.795890410958904,0.3584301369863014,0.3340630136986301,28.737260273972602,5.793
Klaten,Jawa Tengah,2019,26.477,32.2625,22.6984,1648.9,5.7342,75.4658,10.0755,19.7393,4.50236,2.50726,9.311,0.335855,0.302115,29.1849,5.774
Klaten,Jawa Tengah,2020,26.2921,30.9238,23.1866,2231.2,8.0574,80.8743,9.2992,18.0984,3.92656,1.86104,8.3194,0.400388,0.384945,27.9626,5.324
Klaten,Jawa Tengah,2021,26.1721,30.8877,22.9781,1873.2,7.6767,80.2137,9.1444,18.0549,3.93137,1.90471,8.4542,0.389814,0.361901,27.8942,5.766
Klaten,Jawa Tengah,2022,25.6285,30.2367,22.6614,2738.0,7.9315,82.8466,8.842,18.1024,3.79252,1.60088,8.6337,0.426345,0.400027,27.0545,5.313
Klaten,Jawa Tengah,2023,26.3416,31.7932,22.7258,1472.6,5.263,76.5534,9.9974,20.1164,4.53364,2.29863,10.4085,0.362164,0.356118,28.4156,5.497
Klaten,Jawa Tengah,2024,26.5620218579235,31.799726775956287,23.182240437158473,1956.5,6.191256830601093,79.0846994535519,9.740148368245293,19.70688524590164,4.366010928961749,2.1095081967213116,9.461475409836066,0.37804098360655736,0.36215300546448087,28.39808743169399,5.623
Klaten,Jawa Tengah,2025,26.22246575342466,31.435342465753422,22.97945205479452,2226.5,7.454794520547945,80.22739726027397,9.229511773211568,18.647506849315068,4.074657534246575,2.054328767123288,8.382465753424658,0.3512027397260274,0.2834767123287671,28.013424657534244,5.322
Kota Bandung,Jawa Barat,2018,23.00630136986301,28.19671232876712,18.728219178082192,1418.1,5.46027397260274,76.0986301369863,9.743433934550989,18.670712328767124,3.8632328767123285,1.8250684931506849,6.908493150684931,0.3020520547945205,0.29767671232876713,24.225753424657533,5.993
Kota Bandung,Jawa Barat,2019,23.2759,28.8008,18.7395,1998.8,6.0219,74.9342,9.9916,19.6102,4.10921,1.99041,6.8836,0.290041,0.288403,24.434,6.023
Kota Bandung,Jawa Barat,2020,23.0522,27.6429,19.4044,2711.3,8.6913,80.9645,9.1692,17.5786,3.5529,1.47096,6.8224,0.352363,0.34674,23.5115,6.328
Kota Bandung,Jawa Barat,2021,22.6844,27.3085,18.9529,2190.1,8.3425,81.6822,9.0512,17.8084,3.53411,1.41479,6.4408,0.362315,0.357953,23.0904,6.921
Kota Bandung,Jawa Barat,2022,22.5581,27.3636,18.7184,2131.7,6.9644,82.1589,8.9827,18.0818,3.56466,1.38715,6.2222,0.360162,0.355033,23.043,7.221
Kota Bandung,Jawa Barat,2023,23.0236,28.4392,18.4268,1422.6,5.411,77.2219,9.894,19.8352,4.0423,1.81951,6.6729,0.290112,0.293266,23.9778,7.019
Kota Bandung,Jawa Barat,2024,23.196994535519128,28.373770491803278,18.983606557377048,2297.8,6.144808743169399,79.27868852459017,9.675452223740134,19.136857923497267,3.8680601092896176,1.6399453551912568,6.160109289617486,0.31452185792349724,0.3219098360655738,23.83251366120219,6.959
Kota Bandung,Jawa Barat,2025,23.22082191780822,27.96082191780822,19.67041095890411,2263.6,7.156164383561644,79.24657534246575,9.187212245053274,18.561561643835617,3.7344109589041095,1.6265479452054796,5.148767123287671,0.24623561643835618,0.27953150684931505,24.175616438356165,6.906
Kota Banjar,Jawa Barat,2018,25.534794520547948,29.333150684931507,22.759452054794522,2243.1,8.994520547945205,83.59178082191781,9.355447701674278,16.86104109589041,3.4811506849315066,1.3430136986301369,5.658630136986302,0.31823287671232875,0.30510958904109586,26.906301369863012,5.602
Kota Banjar,Jawa Barat,2019,25.7014,29.6233,22.894,1957.2,9.789,83.3397,9.5747,17.3262,3.59696,1.4191,5.7923,0.305775,0.292759,27.0395,5.686
Kota Banjar,Jawa Barat,2020,25.8399,29.1243,23.4645,4083.3,14.2077,87.5082,8.4751,15.5491,3.15131,1.0441,5.0131,0.388795,0.383194,26.6383,5.309
Kota Banjar,Jawa Barat,2021,25.8392,29.403,23.2556,3001.5,12.0301,86.1753,8.5629,16.247,3.31216,1.17312,4.9789,0.361825,0.343132,26.6951,6.224
Kota Banjar,Jawa Barat,2022,25.523,29.2992,22.8447,3412.7,10.2986,86.8932,8.1766,16.5983,3.34633,1.12342,4.9701,0.38254,0.376121,26.4455,5.231
Kota Banjar,Jawa Barat,2023,25.8992,30.2085,22.677,1859.8,8.0548,82.2767,9.4235,18.3773,3.83132,1.57814,5.6384,0.289252,0.271468,27.2447,5.669
Kota Banjar,Jawa Barat,2024,26.32650273224044,30.748360655737702,23.275956284153004,2504.7,8.92896174863388,83.36338797814207,9.320262780813602,18.217677595628416,3.8017759562841533,1.5849180327868853,5.280601092896175,0.3026830601092896,0.27412841530054644,27.538251366120218,6.046
Kota Banjar,Jawa Barat,2025,25.813972602739728,30.384657534246575,22.953424657534246,3037.6,9.635616438356164,86.41369863013699,8.775843302891932,17.36194520547945,3.5551232876712326,1.4743287671232876,4.3183561643835615,0.37273698630136987,0.3680219178082192,26.427671232876712,5.978
Kota Batu,Jawa Timur,2018,21.456438356164384,25.456438356164384,18.66109589041096,2888.4,7.284931506849315,83.85479452054794,9.594531750380519,17.903835616438354,3.449232876712329,1.1932054794520548,5.344657534246576,0.4024958904109589,0.39073424657534245,23.648493150684935,6.738
Kota Batu,Jawa Timur,2019,21.7896,26.0981,18.7499,3898.3,7.3836,82.6877,9.9483,19.0482,3.71277,1.33964,5.3488,0.399285,0.394085,24.1564,6.353
Kota Batu,Jawa Timur,2020,21.7746,25.268,19.156,4340.2,9.2022,86.8989,9.4041,17.5181,3.32702,0.95716,4.9145,0.441361,0.432325,23.3686,6.65
Kota Batu,Jawa Timur,2021,21.5268,25.086,18.9277,3932.2,9.1671,87.3096,9.0858,17.1632,3.23866,0.92956,4.9299,0.45566,0.450953,22.8918,6.967
Kota Batu,Jawa Timur,2022,21.4674,25.0721,18.8877,3325.8,8.5781,87.3699,9.0407,17.5024,3.28548,0.91781,5.0038,0.447652,0.440699,22.9537,6.383
Kota Batu,Jawa Timur,2023,21.4447,25.4496,18.5153,2390.9,7.3781,85.2658,9.7277,19.0048,3.60342,1.11753,5.2427,0.412433,0.404715,23.3556,6.686
Kota Batu,Jawa Timur,2024,21.770765027322405,25.645355191256833,18.967486338797816,3251.7,7.879781420765028,86.29781420765028,9.677288137522767,18.66426229508197,3.5397814207650273,1.0492349726775956,4.878688524590164,0.430344262295082,0.42396448087431693,23.344808743169402,7.272
Kota Batu,Jawa Timur,2025,21.587945205479453,25.893972602739723,18.913424657534247,3903.2,8.427397260273972,85.51506849315068,9.338424360730594,18.042328767123287,3.4644657534246575,1.1704931506849316,4.48,0.4395013698630137,0.4410931506849315,22.392876712328768,5.899
Kota Bekasi,Jawa Barat,2018,27.015616438356165,31.448493150684932,23.59068493150685,1845.3,6.6,78.43287671232876,10.035314284627093,18.390849315068493,4.034054794520548,1.989890410958904,7.163013698630137,0.3073698630136986,0.2978821917808219,28.88849315068493,5.573
Kota Bekasi,Jawa Barat,2019,27.4167,32.1885,23.7403,2002.2,7.2082,77.2548,10.3302,19.2121,4.25551,2.21825,6.5685,0.281463,0.253666,29.3986,5.876
Kota Bekasi,Jawa Barat,2020,26.9279,31.1448,23.7814,2933.8,9.6967,82.4809,9.2069,17.1648,3.69626,1.73863,6.7421,0.340262,0.32521,28.0762,5.63
Kota Bekasi,Jawa Barat,2021,26.5679,30.7556,23.423,2781.3,9.4027,83.2986,9.0181,17.2679,3.6503,1.63701,6.4841,0.348518,0.335619,27.68,4.821
Kota Bekasi,Jawa Barat,2022,26.3849,30.926,23.1792,2861.0,7.9589,83.7452,9.2446,18.2711,3.82014,1.6257,6.4605,0.359277,0.344027,27.6334,4.115
Kota Bekasi,Jawa Barat,2023,27.3389,32.5077,23.5964,2152.7,6.4904,77.9178,10.0982,19.5288,4.31762,2.29411,6.9523,0.284236,0.268871,29.0005,4.29
Kota Bekasi,Jawa Barat,2024,27.482513661202187,32.3844262295082,24.018306010928963,2735.8,7.434426229508197,79.99180327868852,9.791387393746204,19.116475409836067,4.153633879781421,2.0865573770491803,6.600819672131148,0.299448087431694,0.281775956284153,28.96639344262295,4.286
Kota Bekasi,Jawa Barat,2025,27.12164383561644,31.570410958904112,24.053972602739726,2860.6,7.983561643835617,80.98082191780821,9.337978896499237,18.521260273972604,3.9706849315068493,1.8848219178082193,6.3221917808219175,0.24738630136986303,0.259772602739726,28.516712328767124,4.881
Kota Blitar,Jawa Timur,2018,25.020273972602737,29.225753424657533,21.811780821917807,1834.2,7.010958904109589,82.01917808219179,9.652922503805174,18.12991780821918,3.828849315068493,1.5472876712328767,9.743561643835617,0.18115068493150685,0.1759917808219178,27.083561643835615,6.412
Kota Blitar,Jawa Timur,2019,25.3093,30.0137,21.8145,1744.4,6.5699,81.2,10.028,19.2657,4.12805,1.74597,9.7715,0.162425,0.144551,27.7671,6.674
Kota Blitar,Jawa Timur,2020,25.2617,29.1317,22.3413,2728.2,9.0847,85.4973,9.4013,17.7643,3.61432,1.275,8.8702,0.225003,0.21527,26.5044,6.838
Kota Blitar,Jawa Timur,2021,25.1025,29.0523,22.183,2944.2,9.0247,85.0849,8.9919,17.4135,3.55562,1.30707,8.6186,0.221778,0.206792,26.3052,6.546
Kota Blitar,Jawa Timur,2022,24.883,28.8145,22.0184,3161.2,8.8932,85.7671,8.8173,17.7599,3.55674,1.18866,8.2751,0.248181,0.239071,26.0282,7.158
Kota Blitar,Jawa Timur,2023,25.2285,29.7751,21.7967,1562.5,6.3014,81.8356,9.9249,19.8104,4.14321,1.63326,9.8041,0.166022,0.151501,27.1115,7.166
Kota Blitar,Jawa Timur,2024,25.659016393442624,30.159562841530054,22.388524590163936,2240.7,7.248633879781421,82.9672131147541,9.593988395567699,19.1124043715847,4.026256830601093,1.592568306010929,9.230601092896174,0.18209562841530055,0.1660327868852459,27.29590163934426,6.484
Kota Blitar,Jawa Timur,2025,25.124931506849315,29.609041095890408,22.21123287671233,2828.3,8.087671232876712,84.96438356164384,9.181393105022833,18.261397260273974,3.721123287671233,1.4608767123287671,7.7336986301369866,0.24995616438356164,0.25480821917808216,25.768767123287674,7.25
Kota Bogor,Jawa Barat,2018,25.869315068493147,30.343835616438355,22.472328767123287,1812.3,6.712328767123288,77.51780821917808,9.654472617960426,17.941972602739725,3.88986301369863,1.887205479452055,6.263287671232876,0.4114027397260274,0.39234794520547944,27.635890410958904,5.138
Kota Bogor,Jawa Barat,2019,26.1663,30.9825,22.5153,2142.6,7.211,77.2274,9.9458,18.8285,4.06715,2.05386,5.6759,0.399633,0.389132,27.8581,4.885
Kota Bogor,Jawa Barat,2020,25.7205,29.668,22.6858,3124.7,9.4754,82.3525,8.7637,16.7725,3.52399,1.48459,5.4495,0.437839,0.425148,26.6702,4.57
Kota Bogor,Jawa Barat,2021,25.3329,29.1348,22.3419,3206.3,9.0959,83.2466,8.6838,16.9193,3.49422,1.32277,5.3326,0.457405,0.450025,26.1764,4.769
Kota Bogor,Jawa Barat,2022,25.2786,29.3238,22.231,2814.8,7.5151,82.6795,8.7634,17.5517,3.62975,1.35482,5.6605,0.449948,0.438088,26.2888,5.402
Kota Bogor,Jawa Barat,2023,26.2184,31.2312,22.4197,1882.6,6.1342,77.1753,9.7239,19.2233,4.13973,2.10885,5.7825,0.383395,0.3698,27.7923,4.799
Kota Bogor,Jawa Barat,2024,26.41584699453552,31.257103825136614,22.83497267759563,2375.8,6.73224043715847,79.73497267759562,9.520009980267153,18.80065573770492,4.014562841530054,1.93551912568306,5.289071038251366,0.40538797814207655,0.3900054644808743,27.888524590163936,5.305
Kota Bogor,Jawa Barat,2025,25.94630136986301,30.675890410958907,22.518082191780824,2727.1,7.498630136986302,81.07945205479452,9.09256393455099,18.039506849315067,3.803698630136986,1.7857260273972602,5.494520547945205,0.34880547945205476,0.3765671232876712,27.238630136986302,5.723
Kota Cilegon,Banten,2018,26.383013698630133,29.397808219178085,23.725479452054792,1870.4,8.95068493150685,84.08493150684932,10.16365300608828,18.718,3.826739726027397,1.304,8.457260273972603,0.21424931506849312,0.1979041095890411,28.003013698630138,4.806
Kota Cilegon,Banten,2019,26.7151,29.9677,23.7701,1659.7,8.4795,82.9178,10.6701,19.6605,4.05515,1.46438,7.5932,0.185573,0.146616,28.5197,5.562
Kota Cilegon,Banten,2020,26.5388,29.4847,24.0577,3068.2,11.5191,86.4945,9.613,18.024,3.64735,1.19869,8.0719,0.237202,0.217492,27.6347,5.126
Kota Cilegon,Banten,2021,26.3425,29.2142,23.8545,2385.8,10.0521,86.3534,9.7369,18.3963,3.69847,1.16526,7.8814,0.240666,0.227142,27.2622,5.255
Kota Cilegon,Banten,2022,26.1962,29.169,23.6797,2696.3,9.3041,85.9315,9.6461,18.7319,3.75907,1.14156,8.7153,0.264148,0.259696,27.0668,5.293
Kota Cilegon,Banten,2023,26.7573,30.3288,23.4825,1840.4,7.7589,80.8137,10.456,20.0605,4.20427,1.58003,8.3288,0.180395,0.160589,28.3701,5.325
Kota Cilegon,Banten,2024,26.767213114754096,30.279781420765026,23.709016393442624,2431.0,8.710382513661202,83.46448087431693,10.183519801153611,19.612158469945356,4.0757377049180326,1.3962841530054646,8.406010928961749,0.19909836065573772,0.18692622950819673,28.1103825136612,5.307
Kota Cilegon,Banten,2025,26.613150684931504,30.145753424657535,23.707123287671234,2655.2,9.509589041095891,82.55616438356165,9.548795776255707,18.750657534246574,3.941013698630137,1.4881643835616436,9.611780821917808,0.16234246575342468,0.15284383561643836,27.932328767123284,5.057
Kota Cimahi,Jawa Barat,2018,21.827671232876714,26.321643835616438,18.413424657534247,2664.6,7.32054794520548,81.0958904109589,9.612764847792999,18.590931506849316,3.632931506849315,1.3735890410958904,6.443561643835617,0.33314246575342465,0.3272438356164384,23.15945205479452,5.551
Kota Cimahi,Jawa Barat,2019,22.2586,27.1438,18.4874,2984.7,7.7014,78.9644,9.8896,19.4305,3.88216,1.58608,6.2556,0.31791,0.311318,23.5658,5.732
Kota Cimahi,Jawa Barat,2020,21.9749,25.9899,19.0189,4036.3,10.3115,85.1557,8.9744,17.4661,3.34571,1.10888,6.2806,0.384964,0.385008,22.5877,5.645
Kota Cimahi,Jawa Barat,2021,21.651,25.6784,18.6734,3959.7,10.4384,85.8712,8.9123,17.8352,3.36181,1.06405,6.1345,0.393715,0.394153,22.2811,5.778
Kota Cimahi,Jawa Barat,2022,21.5614,25.7296,18.5701,3525.3,8.8082,85.9507,8.8153,18.0477,3.39225,1.03058,5.8622,0.390532,0.389781,22.2937,5.673
Kota Cimahi,Jawa Barat,2023,21.8997,26.657,18.1093,2474.7,7.6082,81.8603,9.773,19.7035,3.80033,1.37726,5.8614,0.337101,0.329329,22.8238,5.75
Kota Cimahi,Jawa Barat,2024,22.02896174863388,26.666939890710385,18.5327868852459,3385.1,8.28688524590164,83.63661202185793,9.441782991803278,18.97360655737705,3.6485519125683057,1.2541803278688524,5.249453551912568,0.36939071038251364,0.37082786885245905,22.754644808743173,6.138
Kota Cimahi,Jawa Barat,2025,21.8586301369863,26.67917808219178,18.7586301369863,3152.6,8.775342465753425,83.69041095890411,8.997446331811263,18.484219178082192,3.557780821917808,1.3491780821917807,4.772054794520548,0.377172602739726,0.38247123287671236,22.53178082191781,5.933
Kota Cirebon,Jawa Barat,2018,27.61123287671233,31.63917808219178,24.440273972602743,1502.0,4.298630136986302,72.23561643835616,10.412965677321157,19.91745205479452,4.91013698630137,2.1584657534246574,10.7986301369863,0.15922191780821918,0.16279452054794522,29.394520547945206,5.072
Kota Cirebon,Jawa Barat,2019,27.8701,32.0904,24.5003,1833.0,5.0548,71.1699,10.53,20.3076,5.10532,2.29458,11.014,0.133573,0.123696,29.8501,4.72
Kota Cirebon,Jawa Barat,2020,27.7516,31.4087,24.9202,2782.0,7.5246,76.3852,9.7645,18.5664,4.46932,1.90637,10.1462,0.180478,0.155891,29.068,4.567
Kota Cirebon,Jawa Barat,2021,27.4173,31.2263,24.4323,2549.0,7.3205,77.3616,9.6938,18.6314,4.33534,1.90208,9.6825,0.17829,0.151447,28.7625,5.372
Kota Cirebon,Jawa Barat,2022,27.1551,31.0058,24.2649,2249.4,6.4959,79.1096,9.6822,19.0315,4.25288,1.75247,8.6786,0.204603,0.189373,28.1964,5.393
Kota Cirebon,Jawa Barat,2023,27.9751,32.6863,24.1499,1608.9,4.4904,71.126,10.4492,20.6286,5.00005,2.47858,9.7978,0.143649,0.11703,29.663,5.612
Kota Cirebon,Jawa Barat,2024,28.227595628415298,32.777049180327865,24.55710382513661,2118.3,5.448087431693989,73.10655737704919,10.282655646630236,20.17912568306011,4.797814207650274,2.3224863387978143,8.592896174863387,0.142724043715847,0.13631967213114754,29.88715846994536,6.394
Kota Cirebon,Jawa Barat,2025,27.796438356164387,31.77972602739726,24.816986301369866,2404.8,6.597260273972603,75.63013698630137,9.770895129375951,19.199205479452054,4.3640547945205475,2.0061917808219176,7.543287671232878,0.15967671232876712,0.17713972602739728,29.433972602739725,5.405
Kota Depok,Jawa Barat,2018,26.475890410958907,31.314520547945204,22.97917808219178,2152.0,6.950684931506849,78.27945205479452,9.769586719939117,18.25794520547945,3.962082191780822,2.058219178082192,6.350958904109588,0.41982191780821915,0.4051917808219178,28.315616438356166,5.697
Kota Depok,Jawa Barat,2019,26.7918,32.0411,23.0414,2204.5,7.3205,77.7836,10.0133,18.9587,4.12164,2.27014,5.5479,0.405247,0.391238,28.5488,5.472
Kota Depok,Jawa Barat,2020,26.2801,30.7014,23.0735,3426.1,9.6803,83.1885,8.7983,16.9791,3.59109,1.66243,5.8634,0.450609,0.441325,27.2743,6.106
Kota Depok,Jawa Barat,2021,25.9003,30.1986,22.7438,3138.8,9.3753,84.2603,8.7037,17.1841,3.56068,1.51419,5.5499,0.458644,0.452348,26.8578,5.383
Kota Depok,Jawa Barat,2022,25.7038,30.3101,22.506,3019.9,7.6603,84.6082,8.8363,17.962,3.68825,1.50019,5.6967,0.46654,0.464463,26.7704,4.957
Kota Depok,Jawa Barat,2023,26.634,32.077,22.7641,2200.2,6.4466,78.7342,9.8374,19.5261,4.20521,2.23855,5.9356,0.40129,0.384649,28.1307,5.242
Kota Depok,Jawa Barat,2024,26.77896174863388,31.961475409836066,23.194808743169396,2981.3,7.2896174863387975,80.94262295081967,9.514687795992714,19.050928961748635,4.062103825136612,2.050191256830601,5.748907103825136,0.421396174863388,0.41064754098360656,28.163387978142076,5.624
Kota Depok,Jawa Barat,2025,26.28767123287671,30.996438356164386,23.012328767123286,3276.5,7.997260273972603,82.77534246575343,9.16752691780822,18.422027397260273,3.852465753424658,1.745041095890411,5.772602739726027,0.3930219178082192,0.4207835616438356,27.32246575342466,5.369
Kota Kediri,Jawa Timur,2018,26.35095890410959,31.061917808219178,23.2813698630137,1255.0,4.846575342465753,77.37534246575342,9.994038378995434,19.14742465753425,4.544027397260273,2.0325205479452055,14.391506849315068,0.24705205479452055,0.23927671232876713,28.353698630136986,6.452
Kota Kediri,Jawa Timur,2019,26.563,31.7351,23.3255,1938.3,5.6137,77.2055,10.1462,19.9656,4.76323,2.20553,14.3482,0.24729,0.232011,28.6455,5.038
Kota Kediri,Jawa Timur,2020,26.4615,30.7216,23.6811,2414.8,8.041,81.7678,9.5646,18.4014,4.11997,1.67784,12.6429,0.29706,0.27912,27.8167,6.099
Kota Kediri,Jawa Timur,2021,26.2668,30.5471,23.4619,2381.9,7.7342,81.8,9.2632,18.2036,4.03819,1.66633,12.3071,0.300244,0.286636,27.4592,5.495
Kota Kediri,Jawa Timur,2022,25.8827,30.0827,23.2,3010.9,7.3397,83.4575,9.0228,18.4712,3.93592,1.42542,11.9838,0.340589,0.331452,26.8923,5.47
Kota Kediri,Jawa Timur,2023,26.649,31.5101,23.5066,1746.8,4.9452,76.874,10.0536,20.1407,4.79688,2.08285,14.709,0.245189,0.236066,28.3351,5.443
Kota Kediri,Jawa Timur,2024,27.016120218579236,31.833333333333332,24.02950819672131,2059.3,6.163934426229508,78.50546448087432,9.784486012446873,19.729016393442624,4.629617486338798,2.009562841530055,13.443169398907104,0.25759562841530054,0.23620765027322405,28.59426229508197,6.319
Kota Kediri,Jawa Timur,2025,26.318356164383562,30.832876712328765,23.538630136986303,2084.5,6.767123287671233,81.91232876712328,9.472334101978692,18.874602739726026,4.125616438356164,1.7147671232876711,11.089863013698631,0.2585178082191781,0.28446027397260276,27.344657534246572,5.902
Kota Madiun,Jawa Timur,2018,27.44219178082192,32.726301369863016,23.672328767123286,1114.7,4.254794520547946,70.9945205479452,10.066015540334856,19.747479452054794,4.95358904109589,2.663095890410959,11.176712328767124,0.3505205479452055,0.32830958904109586,30.433698630136984,6.23
Kota Madiun,Jawa Timur,2019,27.5088,33.0668,23.526,1635.7,5.0822,71.3781,10.1813,20.3461,5.00074,2.74301,10.1296,0.332359,0.312036,30.6479,6.342
Kota Madiun,Jawa Timur,2020,27.5311,32.444,24.0858,2019.6,7.0191,75.4481,9.5794,18.5939,4.47374,2.3438,9.3475,0.372123,0.319068,29.9544,6.555
Kota Madiun,Jawa Timur,2021,27.0408,31.7438,23.686,2315.6,6.863,77.4329,9.2767,18.4118,4.27471,2.08427,9.134,0.395956,0.385901,28.9926,6.058
Kota Madiun,Jawa Timur,2022,26.6718,31.4616,23.4225,2786.0,6.7671,79.1534,9.0698,18.5836,4.17942,1.91975,8.7077,0.412674,0.393534,28.4458,5.219
Kota Madiun,Jawa Timur,2023,27.5888,33.0258,23.6353,1474.3,4.2767,71.3781,10.0852,20.5672,5.06159,2.67658,10.8449,0.349975,0.337142,30.109,5.52
Kota Madiun,Jawa Timur,2024,27.756830601092897,33.0827868852459,24.028415300546445,1946.8,5.418032786885246,74.41803278688525,9.827877504553735,19.932704918032787,4.800573770491804,2.4781967213114755,9.756830601092895,0.37344808743169394,0.35921857923497263,30.040983606557376,5.758
Kota Madiun,Jawa Timur,2025,26.80767123287671,31.698630136986303,23.499178082191783,2199.7,6.438356164383562,79.53972602739726,9.490744193302891,18.98180821917808,4.200246575342465,1.995068493150685,7.567945205479453,0.3653205479452055,0.3759369863013699,28.140547945205476,5.706
Kota Magelang,Jawa Tengah,2018,23.424109589041095,27.807397260273973,20.04904109589041,2731.6,8.756164383561643,84.11780821917809,9.38461601217656,17.788027397260276,3.553342465753425,1.3406849315068494,7.227671232876712,0.41546301369863015,0.407345205479452,24.52082191780822,5.198
Kota Magelang,Jawa Tengah,2019,23.7332,28.5682,20.1025,2585.5,9.8247,83.5288,9.6902,18.7181,3.78984,1.54252,6.9715,0.406288,0.394537,24.8959,5.916
Kota Magelang,Jawa Tengah,2020,23.6915,27.4664,20.6549,3385.1,12.4645,88.224,8.9323,17.2242,3.32708,1.0256,6.3776,0.474142,0.469109,24.0607,5.781
Kota Magelang,Jawa Tengah,2021,23.5605,27.4512,20.5005,2754.0,11.3699,87.2521,8.8015,17.0266,3.30816,1.07896,6.6132,0.457899,0.440071,23.969,5.165
Kota Magelang,Jawa Tengah,2022,23.3285,27.1888,20.3047,3558.1,10.4055,88.2904,8.3176,16.7932,3.21679,0.95704,6.4795,0.47386,0.470964,23.7312,5.154
Kota Magelang,Jawa Tengah,2023,23.6403,28.1142,20.1184,1956.8,7.9151,84.274,9.4798,18.9892,3.75266,1.34595,7.2652,0.408797,0.403948,24.3447,5.234
Kota Magelang,Jawa Tengah,2024,23.974316939890713,28.304098360655736,20.584153005464483,2524.7,9.065573770491802,86.05191256830601,9.307775455373406,18.46762295081967,3.6234699453551915,1.227049180327869,6.369672131147541,0.4420273224043716,0.4382213114754099,24.409562841530054,5.023
Kota Magelang,Jawa Tengah,2025,23.80164383561644,28.58082191780822,20.57013698630137,2578.1,9.726027397260275,85.44657534246575,8.85118806697108,17.544465753424657,3.5038356164383564,1.4196986301369865,5.672876712328767,0.45434794520547944,0.4535835616438356,24.033150684931506,4.876
Kota Malang,Jawa Timur,2018,23.89698630136986,28.153424657534245,21.008767123287672,2476.1,7.506849315068493,80.79452054794521,9.403246392694065,17.758520547945203,3.6310684931506847,1.550986301369863,5.795890410958904,0.2797178082191781,0.2703369863013699,26.153150684931507,6.381
Kota Malang,Jawa Timur,2019,24.1293,28.7085,21.023,2714.5,6.8904,79.7836,9.8838,19.1173,3.92614,1.69236,5.7488,0.273255,0.268296,26.551,6.888
Kota Malang,Jawa Timur,2020,24.0781,27.7388,21.4803,3157.1,9.3798,84.4754,9.2732,17.5086,3.49333,1.22839,5.2303,0.324598,0.315055,25.6484,6.743
Kota Malang,Jawa Timur,2021,23.9088,27.6951,21.294,3332.4,9.1726,84.5863,8.9837,17.2345,3.43107,1.22255,5.1962,0.32809,0.320258,25.3734,6.314
Kota Malang,Jawa Timur,2022,23.8389,27.6471,21.2112,3434.4,8.726,84.8932,8.8934,17.6179,3.47808,1.17208,5.1784,0.341449,0.34109,25.3819,6.269
Kota Malang,Jawa Timur,2023,23.9241,28.3011,20.8452,2216.8,6.926,82.4384,9.6915,19.3464,3.87493,1.47707,5.4816,0.297573,0.298052,25.8545,6.319
Kota Malang,Jawa Timur,2024,24.303825136612023,28.613387978142075,21.337158469945354,2832.4,6.800546448087432,83.31147540983606,9.689050204918033,19.001038251366122,3.8254644808743166,1.4451092896174862,4.863934426229508,0.291,0.28202732240437156,26.225409836065573,6.516
Kota Malang,Jawa Timur,2025,23.98712328767123,28.62054794520548,21.173424657534248,3457.7,7.920547945205479,84.23835616438356,9.349713706240486,18.46558904109589,3.6940547945205475,1.4946849315068491,4.295616438356165,0.30464109589041094,0.3318054794520548,25.12082191780822,6.335
Kota Mojokerto,Jawa Timur,2018,28.0841095890411,33.76328767123288,23.942739726027398,1459.3,4.134246575342465,70.4958904109589,10.124045182648402,19.769232876712326,4.664328767123288,2.976821917808219,6.941095890410959,0.2318082191780822,0.20481643835616437,29.98027397260274,5.726
Kota Mojokerto,Jawa Timur,2019,27.929,33.6647,23.7332,1635.1,4.7041,72.4575,10.2258,20.537,4.78929,2.90773,6.9696,0.242523,0.231901,29.7112,5.087
Kota Mojokerto,Jawa Timur,2020,27.9754,33.4235,24.1648,2184.6,6.3552,75.9262,9.7238,19.0672,4.38563,2.65883,6.6604,0.259872,0.239199,29.3374,6.085
Kota Mojokerto,Jawa Timur,2021,27.7014,33.2816,23.9304,2282.5,6.3479,76.3534,9.49,18.7821,4.25403,2.62981,6.4932,0.268244,0.248162,29.0005,5.853
Kota Mojokerto,Jawa Timur,2022,27.0323,32.5696,23.5756,2596.2,6.1534,80.2685,9.2648,19.0652,4.11707,2.25208,6.0951,0.299192,0.279293,28.103,6.042
Kota Mojokerto,Jawa Timur,2023,27.9159,33.9975,23.6542,1540.1,4.0986,73.3014,10.173,20.639,4.71797,2.95721,6.6838,0.242759,0.23031,29.4238,5.307
Kota Mojokerto,Jawa Timur,2024,28.147540983606557,34.13661202185792,24.119125683060112,1979.6,5.092896174863388,75.69398907103825,9.976247563752276,20.435136612021857,4.5947814207650275,2.7873770491803276,6.241530054644809,0.25459562841530053,0.23564754098360655,29.706284153005466,6.04
Kota Mojokerto,Jawa Timur,2025,27.324931506849317,32.21123287671233,23.9827397260274,2315.7,5.66027397260274,79.87123287671233,9.728324718417047,19.89495890410959,4.287999999999999,2.058109589041096,6.117260273972604,0.26286027397260275,0.27274246575342465,28.761369863013698,5.893
Kota Pasuruan,Jawa Timur,2018,27.74876712328767,32.0131506849315,23.962739726027397,1340.1,3.5863013698630137,74.45479452054795,10.521037397260276,21.315013698630136,4.723890410958904,2.1756712328767125,7.1657534246575345,0.251413698630137,0.26612876712328765,29.492876712328766,6.513
Kota Pasuruan,Jawa Timur,2019,27.7488,32.0282,23.8863,1489.7,4.5151,75.4,10.6504,21.9335,4.80397,2.17279,7.0375,0.250638,0.258847,29.5082,5.257
Kota Pasuruan,Jawa Timur,2020,27.823,31.9508,24.379,1987.4,6.3142,78.9235,10.2247,20.4265,4.43773,1.98918,6.4825,0.289956,0.291803,29.0609,6.135
Kota Pasuruan,Jawa Timur,2021,27.5564,31.6688,24.1679,1913.3,6.2466,79.3753,10.0866,20.4498,4.41258,1.92244,6.7844,0.293515,0.294364,28.6666,5.345
Kota Pasuruan,Jawa Timur,2022,27.1411,31.2874,23.8814,2203.6,5.9726,82.2137,9.9769,20.4602,4.28137,1.73293,6.2427,0.333312,0.336162,28.0778,5.232
Kota Pasuruan,Jawa Timur,2023,27.7858,32.3636,23.7356,1202.8,3.7096,74.5863,10.6309,22.0643,4.83592,2.27416,6.8392,0.230756,0.246592,29.4781,5.834
Kota Pasuruan,Jawa Timur,2024,28.374043715846994,33.14890710382514,24.331967213114755,1405.5,4.7076502732240435,73.27595628415301,10.466549514268369,21.519781420765028,4.798661202185793,2.4303005464480876,6.377322404371585,0.19520218579234974,0.19323497267759565,30.37103825136612,5.502
Kota Pasuruan,Jawa Timur,2025,28.007397260273976,32.53616438356165,24.36082191780822,1676.4,5.175342465753425,74.61643835616438,10.184056217656012,20.896301369863014,4.606958904109589,2.2488493150684934,6.046301369863014,0.20616712328767126,0.2010054794520548,30.293150684931508,5.512
Kota Pekalongan,Jawa Tengah,2018,27.304657534246576,31.14739726027397,23.775068493150684,1483.1,5.5698630136986305,75.38356164383562,10.073578455098936,19.72668493150685,4.243616438356165,1.8586027397260274,5.692602739726028,0.2591972602739726,0.2519150684931507,29.390958904109592,5.366
Kota Pekalongan,Jawa Tengah,2019,27.4005,31.2266,23.8096,1733.9,6.0055,76.4274,10.337,20.1253,4.28233,1.85573,5.294,0.257389,0.248408,29.3992,5.537
Kota Pekalongan,Jawa Tengah,2020,27.3582,31.0803,24.0719,2865.5,8.6421,80.1667,9.639,18.856,3.97142,1.65934,5.4096,0.291134,0.273098,28.7571,4.769
Kota Pekalongan,Jawa Tengah,2021,27.0545,30.7608,23.8096,2724.1,8.5781,80.4274,9.3588,18.4964,3.89074,1.6111,5.7079,0.292485,0.277101,28.4482,5.153
Kota Pekalongan,Jawa Tengah,2022,26.7455,30.6334,23.4416,2541.6,7.7452,81.6219,9.3708,18.9571,3.9286,1.51877,5.3288,0.313381,0.292468,28.0945,5.219
Kota Pekalongan,Jawa Tengah,2023,27.6036,31.9307,23.5611,1715.6,5.2247,75.1562,10.3545,20.7593,4.47518,2.09323,5.7764,0.226945,0.211786,29.7132,5.948
Kota Pekalongan,Jawa Tengah,2024,27.777049180327868,32.316120218579236,23.851092896174862,2066.0,6.245901639344262,77.33060109289617,10.125651085306618,20.30327868852459,4.3737704918032785,2.084726775956284,5.266666666666667,0.24181967213114755,0.21872131147540985,29.736065573770492,6.475
Kota Pekalongan,Jawa Tengah,2025,26.838630136986303,31.296986301369863,23.235342465753423,2559.8,7.482191780821918,82.57534246575342,9.648442389649924,19.254328767123287,4.035808219178082,1.7436712328767126,4.925479452054795,0.27531780821917806,0.28426027397260273,28.367671232876713,6.314
Kota Probolinggo,Jawa Timur,2018,27.424657534246574,31.068493150684933,24.88054794520548,1374.6,4.419178082191781,72.88493150684931,10.350506750380516,20.51745205479452,5.23054794520548,1.9595616438356165,16.124109589041097,0.23799178082191783,0.23923835616438358,30.176712328767124,4.931
Kota Probolinggo,Jawa Timur,2019,27.6323,31.3995,24.9622,1551.3,5.1644,72.4301,10.5931,21.2287,5.41192,2.05863,15.6099,0.230603,0.226181,30.6433,5.11
Kota Probolinggo,Jawa Timur,2020,27.6265,30.9801,25.2478,2457.2,7.1066,76.1011,9.9761,19.5234,4.80492,1.74978,13.7268,0.271074,0.263301,29.7533,5.203
Kota Probolinggo,Jawa Timur,2021,27.4014,30.7718,24.9342,1908.0,6.8521,76.5616,9.8736,19.5827,4.69452,1.71808,12.9649,0.271186,0.261956,29.343,5.83
Kota Probolinggo,Jawa Timur,2022,27.2359,30.651,24.7499,1877.1,6.2356,77.1205,9.8242,19.8818,4.64542,1.64578,12.2225,0.273956,0.257455,29.1742,6.121
Kota Probolinggo,Jawa Timur,2023,27.8838,31.9962,24.8597,1228.1,4.2329,70.7096,10.4024,21.2591,5.38822,2.26723,13.7419,0.208671,0.205419,30.8836,5.729
Kota Probolinggo,Jawa Timur,2024,28.191256830601095,32.50628415300546,25.033333333333335,1790.3,5.557377049180328,72.50819672131148,10.265031382817243,20.807322404371586,5.201939890710383,2.2510382513661202,11.954371584699453,0.21518032786885247,0.19099453551912568,30.977595628415298,6.106
Kota Probolinggo,Jawa Timur,2025,27.347397260273972,31.654246575342462,24.29808219178082,1891.7,6.2164383561643834,76.78904109589041,10.022583675799085,20.17213698630137,4.5622191780821915,1.9966027397260273,8.486849315068493,0.25205205479452053,0.25236712328767125,28.850684931506848,6.32
Kota Salatiga,Jawa Tengah,2018,24.10493150684931,28.403835616438354,20.98301369863014,2962.6,7.232876712328767,76.74246575342465,9.828528226788432,19.31441095890411,4.0412328767123284,1.7677534246575344,5.430410958904109,0.2765945205479452,0.28073424657534246,25.513698630136986,6.008
Kota Salatiga,Jawa Tengah,2019,24.3638,28.8551,21.0436,3679.0,7.7479,76.3342,10.0611,20.174,4.24767,1.86844,5.623,0.278953,0.277134,25.6244,5.72
Kota Salatiga,Jawa Tengah,2020,24.0609,27.7227,21.4281,4511.3,9.8142,82.7869,9.4069,18.5153,3.73634,1.33481,5.1322,0.331361,0.327464,24.6833,6.039
Kota Salatiga,Jawa Tengah,2021,23.7318,27.3874,21.1011,4824.4,9.7068,83.5315,9.0607,18.144,3.63008,1.2689,4.9567,0.33834,0.334844,24.2792,5.545
Kota Salatiga,Jawa Tengah,2022,23.5093,27.1567,20.9356,4479.2,9.0466,84.5699,8.9514,18.3712,3.60797,1.15726,4.8759,0.357063,0.359545,24.0208,5.567
Kota Salatiga,Jawa Tengah,2023,24.42,28.9964,21.0044,2608.8,6.7205,76.8767,9.8831,20.1322,4.21929,1.82203,5.4529,0.276616,0.280353,25.7112,6.01
Kota Salatiga,Jawa Tengah,2024,24.658743169398907,28.92158469945355,21.59016393442623,3491.2,7.5109289617486334,79.66120218579235,9.673711687917425,19.768989071038252,4.083633879781421,1.6024590163934427,5.0975409836065575,0.2998879781420765,0.3014453551912568,25.7896174863388,6.644
Kota Salatiga,Jawa Tengah,2025,24.045753424657537,28.123561643835618,21.39780821917808,4658.7,9.356164383561644,82.52054794520548,9.169684703196346,18.480821917808218,3.727178082191781,1.3997534246575343,4.515068493150685,0.354331506849315,0.3566657534246575,24.403013698630136,6.05
Kota Semarang,Jawa Tengah,2018,27.356712328767124,31.253698630136988,24.281643835616435,1095.2,5.3123287671232875,73.33972602739726,10.10994306697108,20.119972602739725,4.510301369863014,2.1261643835616435,8.404931506849316,0.2533424657534247,0.24504657534246574,29.594246575342464,5.465
Kota Semarang,Jawa Tengah,2019,27.5844,31.7323,24.3449,1465.3,5.7699,73.1123,10.2948,20.7021,4.66197,2.28279,8.283,0.247326,0.231638,29.8444,5.32
Kota Semarang,Jawa Tengah,2020,27.4642,31.1448,24.5631,2044.5,7.6612,77.3388,9.737,19.4186,4.25593,1.90495,8.3481,0.286199,0.268582,28.9962,5.593
Kota Semarang,Jawa Tengah,2021,27.1263,30.7252,24.311,1965.8,7.8466,78.0603,9.4227,18.9725,4.11323,1.81307,8.6329,0.287104,0.26769,28.6956,4.734
Kota Semarang,Jawa Tengah,2022,26.7416,30.2877,23.966,2168.5,7.1836,80.0055,9.3065,19.2264,4.04132,1.57153,7.9216,0.31554,0.296115,28.0625,5.006
Kota Semarang,Jawa Tengah,2023,27.6321,31.9778,24.1266,1385.1,4.9918,73.5178,10.3499,21.0268,4.7151,2.30948,8.5688,0.240668,0.234063,29.7115,5.758
Kota Semarang,Jawa Tengah,2024,27.98087431693989,32.40874316939891,24.594535519125685,1811.2,6.243169398907104,75.14207650273224,9.963539298724955,20.412841530054646,4.552978142076503,2.299672131147541,7.823497267759563,0.23244808743169398,0.20796994535519128,30.05218579234973,5.504
Kota Semarang,Jawa Tengah,2025,27.442739726027398,31.285753424657532,24.60931506849315,1965.4,7.30958904109589,77.38356164383562,9.499448523592084,19.402246575342463,4.224027397260274,1.9517534246575343,7.461643835616439,0.18057260273972606,0.18453150684931507,29.457808219178084,5.615
Kota Serang,Banten,2018,26.324383561643835,30.07753424657534,23.30164383561644,2090.3,7.8054794520547945,81.23287671232876,9.756222557077626,17.6007397260274,3.688191780821918,1.5361643835616439,5.833424657534246,0.3271753424657534,0.3126054794520548,27.67753424657534,5.852
Kota Serang,Banten,2019,26.714,30.774,23.3638,1849.4,7.9479,79.9562,10.3851,18.5979,3.93038,1.73504,5.4877,0.29497,0.276701,28.1334,5.829
Kota Serang,Banten,2020,26.409,29.9981,23.5675,3187.0,10.8634,84.4208,9.2244,16.9147,3.49049,1.36363,5.5699,0.350514,0.332869,27.2585,5.344
Kota Serang,Banten,2021,26.1962,29.8685,23.2479,2558.0,9.8411,84.4493,9.3694,17.2921,3.54855,1.37058,5.5047,0.351479,0.337268,27.0841,5.745
Kota Serang,Banten,2022,26.1677,30.1562,23.1419,2685.2,8.3178,83.4082,9.171,17.7981,3.67896,1.45619,5.6236,0.343978,0.323493,27.1688,5.157
Kota Serang,Banten,2023,26.9781,31.5666,23.4419,1779.5,6.9397,78.3534,10.1416,19.1641,4.11888,1.99844,5.7641,0.280238,0.258704,28.4334,5.478
Kota Serang,Banten,2024,27.14863387978142,31.573497267759564,23.891803278688524,2576.3,8.16120218579235,80.68306010928961,9.719025478142076,18.711174863387978,3.993333333333333,1.837568306010929,5.666393442622951,0.31041256830601094,0.2932185792349727,28.393989071038252,5.349
Kota Serang,Banten,2025,26.7441095890411,31.245205479452054,23.626027397260273,2547.6,8.575342465753424,81.15890410958905,9.291630456621004,18.031479452054793,3.8350958904109587,1.849095890410959,5.767397260273972,0.2680767123287671,0.2386164383561644,28.036164383561644,5.317
Kota Sukabumi,Jawa Barat,2018,22.143561643835614,26.168767123287672,19.424657534246574,2731.4,8.693150684931506,86.55890410958904,9.320859733637747,17.54794520547945,3.347150684931507,1.1853150684931506,4.998082191780822,0.4498958904109589,0.4480849315068493,23.736712328767123,5.626
Kota Sukabumi,Jawa Barat,2019,22.7099,27.3921,19.6658,2450.5,8.3973,84.1068,9.9488,18.8959,3.69411,1.51019,4.6658,0.413011,0.399701,24.4293,6.317
Kota Sukabumi,Jawa Barat,2020,22.5546,26.2918,20.0489,4264.8,11.2459,88.265,8.759,16.6683,3.18814,1.05828,4.7208,0.481161,0.480527,23.447,6.222
Kota Sukabumi,Jawa Barat,2021,22.3499,26.1584,19.729,3331.7,10.3315,87.2795,8.9714,17.2842,3.29378,1.08025,4.8937,0.475293,0.472392,23.2403,6.157
Kota Sukabumi,Jawa Barat,2022,22.0775,26.0203,19.4003,3393.0,9.4822,88.2384,8.6629,17.3273,3.25748,1.00104,4.8458,0.476493,0.47429,23.0408,6.091
Kota Sukabumi,Jawa Barat,2023,22.4088,26.8786,19.3822,2151.9,8.2137,85.8904,9.5621,19.0056,3.64534,1.29652,5.0685,0.428145,0.413671,23.74,5.996
Kota Sukabumi,Jawa Barat,2024,22.63688524590164,26.90464480874317,19.792622950819673,3302.8,9.204918032786885,87.64754098360656,9.378818602003644,18.491448087431692,3.529808743169399,1.1586612021857923,4.8,0.453207650273224,0.4477568306010929,23.776502732240438,5.858
Kota Sukabumi,Jawa Barat,2025,22.316438356164383,26.859178082191782,19.632602739726025,3364.3,9.813698630136987,87.32602739726028,9.06951690258752,17.828602739726026,3.4163835616438356,1.2388219178082192,4.924657534246576,0.45332054794520543,0.4545616438356164,23.314794520547945,5.819
Kota Surabaya,Jawa Timur,2018,27.70876712328767,30.923835616438357,24.63780821917808,1274.1,4.950684931506849,74.95068493150686,10.314189946727549,20.59523287671233,4.70841095890411,1.933945205479452,9.986575342465754,0.15980547945205478,0.15732328767123288,30.10767123287671,5.386
Kota Surabaya,Jawa Timur,2019,27.8134,31.1321,24.4827,1415.6,5.589,74.8274,10.4296,21.1152,4.85244,2.00153,10.1386,0.153707,0.125334,30.394,5.565
Kota Surabaya,Jawa Timur,2020,27.8167,30.7872,25.0437,1988.8,7.7678,78.2869,9.8023,19.4445,4.37227,1.69484,9.6044,0.18591,0.175956,29.4311,5.97
Kota Surabaya,Jawa Timur,2021,27.5164,30.5633,24.7682,2096.4,7.674,79.1342,9.7356,19.498,4.28307,1.63186,9.3019,0.195055,0.186121,29.0118,5.664
Kota Surabaya,Jawa Timur,2022,27.291,30.3603,24.5885,2415.7,7.6137,80.3726,9.5947,19.6184,4.20589,1.51647,8.5184,0.217567,0.208227,28.6518,5.606
Kota Surabaya,Jawa Timur,2023,27.8471,31.4493,24.3282,1479.0,5.0027,74.9918,10.3724,21.3478,4.86175,2.06222,9.8047,0.148685,0.147666,30.0219,5.358
Kota Surabaya,Jawa Timur,2024,28.128415300546447,31.892622950819675,24.53169398907104,1987.7,6.054644808743169,75.8415300546448,10.117697032483301,20.810792349726775,4.76931693989071,2.035573770491803,9.128415300546449,0.14418852459016393,0.13582513661202186,30.311748633879784,5.554
Kota Surabaya,Jawa Timur,2025,27.851506849315065,31.19671232876712,25.03150684931507,2220.4,6.876712328767123,77.14246575342466,9.814968082191783,20.159561643835616,4.419260273972602,1.864,7.124109589041097,0.15396164383561645,0.19294520547945204,29.744657534246574,5.764
Kota Surakarta,Jawa Tengah,2018,26.506849315068493,31.940547945205477,22.88602739726027,1553.9,5.021917808219178,75.02465753424657,9.943755844748859,19.57131506849315,4.579342465753425,2.423479452054795,10.415068493150685,0.3737068493150685,0.3786109589041096,28.91041095890411,6.835
Kota Surakarta,Jawa Tengah,2019,26.8441,32.8518,22.9068,2309.8,6.126,74.0055,10.0559,20.1931,4.80096,2.72033,10.0227,0.365066,0.316778,29.3764,6.367
Kota Surakarta,Jawa Tengah,2020,26.526,31.4041,23.2885,2715.6,8.3251,80.4235,9.3251,18.5816,4.14098,1.9853,8.718,0.416492,0.404352,28.0713,6.134
Kota Surakarta,Jawa Tengah,2021,26.2268,31.0975,22.9937,2697.7,8.0904,81.0301,9.1048,18.452,4.04542,1.92145,8.5348,0.417507,0.409038,27.6852,5.453
Kota Surakarta,Jawa Tengah,2022,25.6984,30.4814,22.6816,3124.8,7.4082,83.4959,8.9249,18.821,3.95252,1.63293,8.7918,0.443811,0.434841,27.0353,4.964
Kota Surakarta,Jawa Tengah,2023,26.5948,32.2773,22.8351,1821.1,5.0521,75.6411,9.9493,20.6835,4.78953,2.45858,10.8307,0.363627,0.367068,28.6932,5.817
Kota Surakarta,Jawa Tengah,2024,26.672950819672128,32.01639344262295,23.242896174863386,2433.4,6.453551912568306,79.02732240437159,9.719299521857923,20.139453551912567,4.52016393442623,2.14,9.61584699453552,0.39195355191256837,0.38839890710382513,28.450273224043713,5.759
Kota Surakarta,Jawa Tengah,2025,26.21890410958904,31.216438356164385,23.083561643835615,2738.1,7.602739726027397,81.27671232876712,9.28657705479452,19.091671232876713,4.125726027397261,1.9338904109589041,8.43945205479452,0.3288054794520548,0.3903013698630137,27.825205479452055,5.829
Kota Tangerang,Banten,2018,26.652876712328766,30.8827397260274,23.253698630136988,1898.7,7.50958904109589,81.07123287671233,10.042321461187214,18.45213698630137,3.934876712328767,1.7436438356164383,6.917534246575343,0.322772602739726,0.31177534246575345,28.5172602739726,5.107
Kota Tangerang,Banten,2019,27.1252,31.5685,23.4956,1938.4,7.6,79.5863,10.4288,19.3293,4.16137,1.95205,6.4126,0.286995,0.270241,29.1249,6.32
Kota Tangerang,Banten,2020,26.6874,30.7464,23.5352,3028.2,10.5137,84.5847,9.3125,17.4388,3.66869,1.55014,6.6352,0.356306,0.342637,27.8306,5.77
Kota Tangerang,Banten,2021,26.3934,30.4025,23.2159,2847.4,10.0,84.9644,9.3011,17.6042,3.66477,1.47496,6.4975,0.363518,0.355608,27.5356,5.298
Kota Tangerang,Banten,2022,26.1627,30.5701,22.9742,2892.3,8.8301,85.1836,9.4137,18.3581,3.7977,1.47822,6.6767,0.372403,0.363452,27.4559,5.614
Kota Tangerang,Banten,2023,26.9129,31.7912,23.1863,2088.6,7.2384,80.7753,10.1422,19.6665,4.2157,1.97515,6.6293,0.305068,0.287696,28.4723,6.219
Kota Tangerang,Banten,2024,27.075956284153005,31.739071038251367,23.63743169398907,2812.1,8.032786885245901,82.53005464480874,9.893119656952035,19.327650273224044,4.104699453551913,1.813606557377049,6.618579234972678,0.3285081967213115,0.31821584699453553,28.456830601092896,6.217
Kota Tangerang,Banten,2025,26.724109589041095,31.080547945205478,23.56794520547945,3247.3,8.736986301369862,83.47123287671234,9.447063866057839,18.572246575342465,3.894657534246575,1.6655068493150684,6.504109589041096,0.2845178082191781,0.3024301369863014,27.865753424657534,6.236
Kota Tasikmalaya,Jawa Barat,2018,23.53068493150685,27.438082191780822,20.644109589041097,2526.4,10.67945205479452,86.63835616438357,8.963701156773212,16.377698630136987,3.2416164383561648,1.1280000000000001,4.925753424657534,0.24604109589041098,0.2375972602739726,24.924383561643836,5.161
Kota Tasikmalaya,Jawa Barat,2019,23.8145,28.1274,20.7597,2213.0,10.9068,85.4027,9.2387,17.0008,3.41726,1.30515,4.9315,0.22497,0.206134,25.1945,5.122
Kota Tasikmalaya,Jawa Barat,2020,24.0467,27.6224,21.5855,4374.7,15.4208,89.5246,8.2163,15.261,3.01497,0.97612,4.5281,0.291973,0.287899,24.9093,4.802
Kota Tasikmalaya,Jawa Barat,2021,23.9797,27.7986,21.3118,3681.2,13.2795,88.6219,8.2894,16.0335,3.17337,1.05759,4.383,0.286644,0.283036,24.8682,5.752
Kota Tasikmalaya,Jawa Barat,2022,23.7134,27.757,20.8932,3888.8,12.0411,88.8877,7.9059,16.291,3.19682,1.02663,4.4482,0.290775,0.289825,24.634,5.535
Kota Tasikmalaya,Jawa Barat,2023,23.7666,28.1863,20.4296,2352.7,10.3151,86.074,9.0094,17.816,3.54932,1.26789,4.8992,0.230203,0.216134,24.9693,5.083
Kota Tasikmalaya,Jawa Barat,2024,24.163387978142076,28.56311475409836,21.07103825136612,3165.2,10.904371584699453,87.52185792349727,9.070969163630844,17.74136612021858,3.5198907103825134,1.2119945355191255,4.510382513661202,0.26231693989071037,0.25765573770491806,25.218852459016393,5.419
Kota Tasikmalaya,Jawa Barat,2025,24.07150684931507,29.261095890410957,20.989315068493152,3563.9,11.180821917808219,87.64657534246575,8.41304097412481,17.107890410958905,3.4523561643835614,1.5218630136986302,4.130410958904109,0.2695342465753425,0.27282465753424656,25.094246575342464,5.925
Kota Tegal,Jawa Tengah,2018,26.494246575342466,30.646301369863014,23.004931506849314,1801.1,6.057534246575343,77.78630136986301,10.214183675799086,19.894383561643835,4.272520547945206,1.854027397260274,8.154794520547945,0.2793068493150685,0.28306301369863013,28.647945205479452,6.373
Kota Tegal,Jawa Tengah,2019,26.6784,30.9403,23.0299,1877.0,6.7699,77.8411,10.3942,20.2492,4.34896,1.93373,7.7162,0.260003,0.255721,28.9825,5.806
Kota Tegal,Jawa Tengah,2020,26.6314,30.4757,23.5008,2621.9,9.4727,82.4235,9.6732,18.8049,3.94667,1.61295,7.4888,0.309363,0.297907,28.1279,3.563
Kota Tegal,Jawa Tengah,2021,26.4178,30.1474,23.3762,2674.2,9.3096,82.5753,9.5175,18.7571,3.90353,1.55332,7.7896,0.315614,0.3,27.7688,4.84
Kota Tegal,Jawa Tengah,2022,26.2247,30.1767,23.1225,2459.1,7.7233,82.6247,9.4444,19.2737,3.97904,1.52386,7.6162,0.322027,0.304082,27.6266,5.136
Kota Tegal,Jawa Tengah,2023,26.8405,31.4386,23.1493,1673.3,5.8329,76.8082,10.3927,20.8483,4.53778,2.08819,8.6773,0.266241,0.250416,28.6586,5.842
Kota Tegal,Jawa Tengah,2024,27.085792349726773,31.443989071038253,23.72622950819672,2198.3,6.748633879781421,78.77322404371584,10.183282134183363,20.423743169398907,4.424098360655738,1.9186338797814209,8.345901639344262,0.2863087431693989,0.27073224043715843,28.62103825136612,6.084
Kota Tegal,Jawa Tengah,2025,26.73041095890411,30.55917808219178,23.76684931506849,2480.2,7.956164383561644,80.28767123287672,9.635256902587518,19.443287671232877,4.113315068493151,1.6663835616438356,7.6386301369863014,0.2606465753424657,0.2702821917808219,28.152876712328766,5.394
Kota Yogyakarta,DI Yogyakarta,2018,25.795890410958904,30.54931506849315,22.256712328767122,1915.3,7.221917808219178,78.93150684931507,9.31380703196347,17.66523287671233,3.826794520547945,1.8927397260273973,6.658630136986302,0.17746027397260272,0.16494794520547945,27.59945205479452,5.566
Kota Yogyakarta,DI Yogyakarta,2019,26.1321,31.4496,22.2978,1967.7,7.2685,78.0082,9.6898,18.7798,4.11474,2.15088,6.4474,0.165751,0.137688,28.2151,5.182
Kota Yogyakarta,DI Yogyakarta,2020,26.0593,30.3615,22.9027,2795.8,10.0219,83.224,8.906,17.2468,3.63598,1.59746,5.9757,0.215158,0.195948,27.1396,5.271
Kota Yogyakarta,DI Yogyakarta,2021,25.7953,30.1175,22.6414,2824.6,9.4932,83.4712,8.7587,17.3848,3.61096,1.5451,5.8584,0.223685,0.205249,26.7679,5.288
Kota Yogyakarta,DI Yogyakarta,2022,25.3529,29.5342,22.3816,3394.9,9.6384,85.474,8.3152,17.3,3.4966,1.29619,5.8233,0.258455,0.252167,26.2063,5.217
Kota Yogyakarta,DI Yogyakarta,2023,25.8003,30.8778,22.1384,1849.6,7.0438,80.0904,9.5543,19.2721,4.07849,1.90723,6.6477,0.174814,0.158266,27.3085,5.096
Kota Yogyakarta,DI Yogyakarta,2024,26.088797814207652,30.897814207650274,22.695081967213113,2518.2,7.808743169398907,82.45628415300547,9.407252314814816,19.0346174863388,3.977704918032787,1.7196994535519126,5.870218579234972,0.207172131147541,0.1960136612021858,27.369945355191255,5.1
Kota Yogyakarta,DI Yogyakarta,2025,25.896438356164385,30.525479452054793,22.978630136986304,2897.7,8.706849315068494,83.7013698630137,8.862266750380517,18.197589041095892,3.7634246575342467,1.6434520547945206,5.227671232876712,0.2007013698630137,0.22647671232876712,27.052876712328764,5.396
Kudus,Jawa Tengah,2018,27.077260273972605,32.19808219178082,23.438356164383563,1575.6,6.153424657534247,74.5123287671233,9.80556790715373,18.95413698630137,4.296493150684932,2.4649315068493154,8.174520547945205,0.37746027397260273,0.35578082191780824,28.656438356164383,6.146
Kudus,Jawa Tengah,2019,27.2011,32.4477,23.4438,1880.0,6.4082,74.8493,10.0412,19.607,4.44458,2.50737,7.8981,0.368455,0.36086,28.7151,6.579
Kudus,Jawa Tengah,2020,26.9331,31.468,23.6978,2492.0,8.6175,80.4809,9.4606,18.2332,3.98186,1.98243,7.9246,0.40829,0.394246,27.8374,5.544
Kudus,Jawa Tengah,2021,26.6808,31.3263,23.4411,2244.2,8.6301,80.4329,9.1071,17.806,3.87589,1.99096,8.1258,0.406271,0.385866,27.5896,5.691
Kudus,Jawa Tengah,2022,26.1874,30.8742,23.1068,2747.4,8.0274,82.8849,8.9611,18.2381,3.81586,1.73923,7.4255,0.436345,0.422764,26.8411,5.885
Kudus,Jawa Tengah,2023,27.1036,32.4189,23.2822,1591.7,5.4849,75.2822,10.0443,20.1214,4.4937,2.45605,8.2205,0.371679,0.360458,28.1332,5.569
Kudus,Jawa Tengah,2024,27.172131147540984,32.179508196721315,23.71448087431694,2060.7,6.786885245901639,78.35519125683061,9.613728832726167,19.380792349726775,4.2526229508196725,2.1895081967213117,7.674590163934426,0.3962786885245902,0.38056284153005465,28.095628415300546,5.868
Kudus,Jawa Tengah,2025,26.73013698630137,30.951232876712332,23.803561643835614,2346.7,8.03013698630137,80.37808219178082,9.310789277016742,18.528191780821917,3.971068493150685,1.7866301369863014,7.5282191780821925,0.35868219178082195,0.366613698630137,27.76904109589041,5.501
Kulon Progo,DI Yogyakarta,2018,25.67753424657534,29.13780821917808,22.94876712328767,2345.3,8.906849315068493,83.64931506849315,9.704262815829528,18.12978082191781,3.6721369863013695,1.2980821917808218,7.503561643835617,0.3055287671232877,0.29328219178082193,27.46821917808219,6.142
Kulon Progo,DI Yogyakarta,2019,25.9529,29.8178,23.0814,2098.8,8.5342,83.0795,10.0734,19.3322,3.95414,1.48145,7.3052,0.277403,0.260038,28.2077,5.834
Kulon Progo,DI Yogyakarta,2020,26.1131,29.4932,23.5249,3670.7,11.8689,86.3361,9.0996,17.4274,3.5141,1.17208,6.9577,0.354325,0.341964,27.3727,5.238
Kulon Progo,DI Yogyakarta,2021,26.0071,29.5107,23.3329,3211.5,11.2795,85.5315,8.9815,17.5555,3.55055,1.23852,6.7205,0.34,0.320978,27.2992,5.737
Kulon Progo,DI Yogyakarta,2022,25.6951,29.1074,23.0718,3681.3,10.8603,86.5973,8.7957,17.6512,3.49978,1.06353,6.5134,0.379233,0.373474,26.9263,5.98
Kulon Progo,DI Yogyakarta,2023,25.7701,29.5866,22.8904,2126.2,8.6274,84.0548,9.894,19.6539,3.9297,1.34852,7.2595,0.301301,0.286773,27.2893,5.71
Kulon Progo,DI Yogyakarta,2024,26.125956284153006,30.07377049180328,23.200273224043713,2941.4,9.724043715846994,85.30874316939891,9.712414625075896,19.2870218579235,3.8798360655737705,1.3244808743169398,6.496174863387978,0.34404918032786885,0.3309344262295082,27.239071038251367,5.419
Kulon Progo,DI Yogyakarta,2025,25.73205479452055,29.99013698630137,22.95698630136986,3700.9,10.528767123287672,86.57260273972602,9.093286742770168,18.20172602739726,3.6684657534246576,1.3577260273972602,5.592328767123288,0.3711808219178082,0.36412328767123286,26.357808219178082,5.642
Kuningan,Jawa Barat,2018,23.306575342465752,27.518356164383565,20.72,2398.9,6.273972602739726,81.59726027397261,10.055764695585998,18.819342465753426,3.8632876712328765,1.3919726027397261,10.395068493150685,0.2848520547945206,0.275972602739726,24.9827397260274,6.105
Kuningan,Jawa Barat,2019,23.5099,28.0079,20.7367,2801.5,6.6904,81.1616,10.0993,19.1223,3.97693,1.50444,10.5764,0.27246,0.253118,25.1636,4.976
Kuningan,Jawa Barat,2020,23.5724,27.2724,21.2822,4717.2,10.2732,86.2623,9.2266,17.3681,3.45975,1.10904,8.5025,0.332287,0.313492,24.5109,6.057
Kuningan,Jawa Barat,2021,23.4121,27.1978,21.071,4129.7,9.7096,85.8658,9.1861,17.4637,3.46896,1.14225,7.9271,0.328238,0.310211,24.3236,5.841
Kuningan,Jawa Barat,2022,23.2526,27.0652,20.9466,3616.2,8.7479,86.3315,8.9529,17.8134,3.47945,1.05721,7.9312,0.35709,0.349003,24.0364,5.753
Kuningan,Jawa Barat,2023,23.6063,27.9523,20.9332,2452.1,6.4658,81.0685,9.9238,19.4166,4.00592,1.45778,9.9901,0.28609,0.270296,24.7329,5.824
Kuningan,Jawa Barat,2024,23.921311475409837,28.02950819672131,21.527322404371585,3376.6,7.685792349726776,83.29781420765028,9.722359494535517,18.990792349726775,3.8563661202185795,1.3126502732240437,8.97896174863388,0.31636338797814206,0.30538524590163935,24.7827868852459,5.381
Kuningan,Jawa Barat,2025,23.567123287671233,27.54904109589041,21.315068493150687,3560.0,8.706849315068494,84.74520547945205,9.145050852359208,18.048931506849314,3.586493150684931,1.2138356164383561,7.50082191780822,0.3452246575342466,0.34408219178082194,24.195616438356165,5.173
Lamongan,Jawa Timur,2018,27.759452054794522,31.94219178082192,24.36219178082192,1405.7,5.2684931506849315,74.10684931506849,10.116190898021308,20.19441095890411,4.648630136986301,2.283123287671233,8.921917808219177,0.35885753424657535,0.35801917808219175,30.938904109589043,6.193
Lamongan,Jawa Timur,2019,27.9025,32.2082,24.2762,1398.7,5.6384,73.8932,10.3666,20.7586,4.81501,2.38414,9.0271,0.346153,0.307184,31.2392,5.978
Lamongan,Jawa Timur,2020,27.924,31.932,24.7049,2033.2,7.8607,77.0902,9.7381,19.0121,4.37495,2.11429,8.7527,0.375153,0.338396,30.4011,5.986
Lamongan,Jawa Timur,2021,27.5742,31.6173,24.4362,2233.0,7.6603,78.1863,9.5081,18.9292,4.24249,2.00816,8.4822,0.387014,0.362852,29.8816,5.725
Lamongan,Jawa Timur,2022,27.0885,31.1005,24.0373,2564.9,7.5699,80.4219,9.2136,18.8865,4.08488,1.77025,7.7986,0.411099,0.390589,29.0268,5.99
Lamongan,Jawa Timur,2023,27.8074,32.7559,23.9167,1870.0,5.3397,75.0466,10.1319,20.4848,4.64926,2.48871,7.9923,0.361479,0.356238,30.2005,5.717
Lamongan,Jawa Timur,2024,28.003278688524592,33.212021857923496,24.18415300546448,2594.9,6.620218579234972,76.79508196721312,9.78773160291439,19.80587431693989,4.479344262295082,2.440081967213115,7.213661202185792,0.388568306010929,0.3715792349726776,30.128688524590164,5.941
Lamongan,Jawa Timur,2025,27.02054794520548,31.843561643835617,23.678356164383562,3033.4,7.402739726027397,81.83287671232877,9.477307450532725,19.14435616438356,4.071589041095891,1.9086849315068493,6.185205479452055,0.38766575342465753,0.4091780821917808,28.29808219178082,5.768
Lebak,Banten,2018,25.64904109589041,29.71095890410959,22.432328767123288,2014.8,7.315068493150685,81.61369863013698,9.519166331811263,17.456602739726026,3.6188767123287673,1.525835616438356,6.775616438356164,0.31771780821917806,0.30722191780821917,26.951780821917808,4.66
Lebak,Banten,2019,26.0079,30.4825,22.3981,1736.2,7.0466,80.3014,10.1505,18.5594,3.88216,1.74397,5.9627,0.293745,0.284784,27.2803,4.45
Lebak,Banten,2020,25.5896,29.2743,22.7317,2980.0,10.3907,85.612,8.8739,16.5097,3.3412,1.20014,6.471,0.361005,0.352148,26.229,4.948
Lebak,Banten,2021,25.417,29.1293,22.4786,2723.0,9.0466,85.2192,9.0476,16.9629,3.42995,1.20773,6.5321,0.349477,0.336496,26.1441,5.042
Lebak,Banten,2022,25.2773,29.2156,22.2942,2761.2,8.0986,84.874,8.8832,17.3718,3.50811,1.24145,7.0378,0.343014,0.322844,26.1225,5.226
Lebak,Banten,2023,26.2753,31.2027,22.4956,1844.5,6.4877,78.874,9.8778,18.9118,4.02773,2.00323,6.6447,0.269041,0.246085,27.5726,5.065
Lebak,Banten,2024,26.42103825136612,31.202459016393444,22.951639344262293,2461.8,7.39344262295082,81.39890710382514,9.555855039465696,18.549398907103825,3.9117486338797813,1.8299180327868851,6.645901639344262,0.30242622950819675,0.27919398907103826,27.612021857923498,4.823
Lebak,Banten,2025,25.466027397260277,30.023013698630137,22.459999999999997,2853.1,8.252054794520548,85.67123287671232,9.101254505327246,17.757643835616438,3.5997808219178085,1.4936164383561643,6.985479452054794,0.32564109589041096,0.3116301369863014,25.904383561643836,4.762
Lumajang,Jawa Timur,2018,25.276986301369863,29.0013698630137,22.58082191780822,2407.1,10.378082191780821,84.74246575342465,9.54632802891933,17.52723287671233,3.5200547945205476,1.2418356164383562,6.453424657534247,0.2403315068493151,0.22803561643835618,26.45835616438356,5.488
Lumajang,Jawa Timur,2019,25.5123,29.4959,22.6852,2719.2,11.0521,84.3644,9.9151,18.4223,3.73573,1.34819,6.591,0.224096,0.202753,26.7518,5.31
Lumajang,Jawa Timur,2020,25.7107,29.3604,23.0831,3613.8,11.9809,86.6694,9.3064,17.3408,3.47186,1.15904,6.0836,0.267866,0.260683,26.2847,5.405
Lumajang,Jawa Timur,2021,25.4803,29.2414,22.8197,3309.1,11.8712,86.663,9.0238,17.148,3.42748,1.1609,5.9838,0.265447,0.257548,26.0841,5.207
Lumajang,Jawa Timur,2022,25.4241,29.2981,22.6151,3072.2,10.0329,86.2932,8.8567,17.7753,3.54504,1.1529,5.9934,0.269047,0.263359,26.0488,5.465
Lumajang,Jawa Timur,2023,25.3934,29.5071,22.3414,2093.1,9.2658,84.4904,9.746,19.2027,3.84636,1.32019,6.5101,0.230014,0.215948,26.1893,5.599
Lumajang,Jawa Timur,2024,25.693715846994536,29.98415300546448,22.691803278688525,2690.5,9.60655737704918,85.67486338797814,9.652870894049787,18.758169398907103,3.776584699453552,1.319398907103825,6.061748633879781,0.23937158469945355,0.2246502732240437,26.50846994535519,5.407
Lumajang,Jawa Timur,2025,25.495342465753424,30.200821917808216,22.47013698630137,2639.9,8.715068493150685,85.45205479452055,9.309825007610351,18.282630136986302,3.711835616438356,1.4628767123287671,5.421917808219178,0.2481890410958904,0.2412054794520548,26.293698630136987,5.592
Madiun,Jawa Timur,2018,27.44219178082192,32.726301369863016,23.672328767123286,1114.7,4.254794520547946,70.9945205479452,10.066015540334856,19.747479452054794,4.953315068493151,2.663095890410959,11.176712328767124,0.3505205479452055,0.32830958904109586,30.433698630136984,5.858
Madiun,Jawa Timur,2019,27.5088,33.0668,23.526,1635.7,5.0822,71.3781,10.1813,20.3461,5.00049,2.74301,10.1296,0.332359,0.312036,30.6479,6.165
Madiun,Jawa Timur,2020,27.5311,32.444,24.0858,2019.6,7.0191,75.4481,9.5794,18.5939,4.47342,2.3438,9.3475,0.372123,0.319068,29.9544,6.11
Madiun,Jawa Timur,2021,27.0408,31.7438,23.686,2315.6,6.863,77.4329,9.2767,18.4118,4.27455,2.08427,9.134,0.395956,0.385901,28.9926,6.099
Madiun,Jawa Timur,2022,26.6718,31.4616,23.4225,2786.0,6.7671,79.1534,9.0698,18.5836,4.17863,1.91975,8.7077,0.412674,0.393534,28.4458,5.496
Madiun,Jawa Timur,2023,27.5888,33.0258,23.6353,1474.3,4.2767,71.3781,10.0852,20.5672,5.06148,2.67658,10.8449,0.349975,0.337142,30.109,5.851
Madiun,Jawa Timur,2024,27.756830601092897,33.0827868852459,24.028415300546445,1946.8,5.418032786885246,74.41803278688525,9.827877504553735,19.932704918032787,4.800245901639345,2.4781967213114755,9.756830601092895,0.37344808743169394,0.35921857923497263,30.040983606557376,5.958
Madiun,Jawa Timur,2025,26.80767123287671,31.698630136986303,23.499178082191783,2199.7,6.438356164383562,79.53972602739726,9.490744193302891,18.98180821917808,4.199698630136987,1.995068493150685,7.567945205479453,0.3653205479452055,0.3759369863013699,28.140547945205476,5.798
Magelang,Jawa Tengah,2018,23.424109589041095,27.807397260273973,20.04904109589041,2731.6,8.756164383561643,84.11780821917809,9.38461601217656,17.788027397260276,3.5523287671232873,1.3406849315068494,7.227671232876712,0.41546301369863015,0.407345205479452,24.52082191780822,5.568
Magelang,Jawa Tengah,2019,23.7332,28.5682,20.1025,2585.5,9.8247,83.5288,9.6902,18.7181,3.78847,1.54252,6.9715,0.406288,0.394537,24.8959,5.395
Magelang,Jawa Tengah,2020,23.6915,27.4664,20.6549,3385.1,12.4645,88.224,8.9323,17.2242,3.32552,1.0256,6.3776,0.474142,0.469109,24.0607,4.832
Magelang,Jawa Tengah,2021,23.5605,27.4512,20.5005,2754.0,11.3699,87.2521,8.8015,17.0266,3.3071,1.07896,6.6132,0.457899,0.440071,23.969,5.202
Magelang,Jawa Tengah,2022,23.3285,27.1888,20.3047,3558.1,10.4055,88.2904,8.3176,16.7932,3.21551,0.95704,6.4795,0.47386,0.470964,23.7312,5.296
Magelang,Jawa Tengah,2023,23.6403,28.1142,20.1184,1956.8,7.9151,84.274,9.4798,18.9892,3.75118,1.34595,7.2652,0.408797,0.403948,24.3447,5.121
Magelang,Jawa Tengah,2024,23.974316939890713,28.304098360655736,20.584153005464483,2524.7,9.065573770491802,86.05191256830601,9.307775455373406,18.46762295081967,3.622049180327869,1.227049180327869,6.369672131147541,0.4420273224043716,0.4382213114754099,24.409562841530054,5.07
Magelang,Jawa Tengah,2025,23.80164383561644,28.58082191780822,20.57013698630137,2578.1,9.726027397260275,85.44657534246575,8.85118806697108,17.544465753424657,3.502219178082192,1.4196986301369865,5.672876712328767,0.45434794520547944,0.4535835616438356,24.033150684931506,5.036
Magetan,Jawa Timur,2018,25.20986301369863,29.66794520547945,22.366027397260275,3360.5,6.6438356164383565,73.40547945205479,10.028367313546424,19.770958904109587,4.678082191780822,1.9685753424657533,12.186575342465755,0.36355616438356164,0.36415342465753425,28.105753424657536,6.36
Magetan,Jawa Timur,2019,25.3816,30.1093,22.394,3532.8,6.5096,72.863,10.1636,20.6398,4.89921,2.09148,12.346,0.339778,0.333444,28.3975,6.172
Magetan,Jawa Timur,2020,25.2377,29.1992,22.732,4828.8,9.4426,79.0246,9.4484,18.7148,4.19579,1.59481,10.5587,0.399003,0.387221,27.3415,6.601
Magetan,Jawa Timur,2021,24.9655,28.8471,22.4548,5283.9,9.1096,79.7123,9.2327,18.5471,4.06978,1.52027,9.6879,0.410819,0.404334,26.9564,6.337
Magetan,Jawa Timur,2022,24.7386,28.6005,22.3614,4849.9,8.7781,81.1479,9.048,18.8172,3.99159,1.37751,9.4849,0.429592,0.421433,26.5049,6.066
Magetan,Jawa Timur,2023,25.5438,30.0477,22.6984,4096.1,6.0575,72.7753,10.0253,20.7036,4.89099,2.0057,11.9616,0.362468,0.360414,28.1167,6.316
Magetan,Jawa Timur,2024,25.792349726775956,30.06639344262295,23.206557377049183,4463.6,7.2896174863387975,75.62295081967213,9.795853066180934,20.13169398907104,4.664371584699453,1.7938251366120217,10.962021857923498,0.3881338797814207,0.3773879781420765,27.88688524590164,6.272
Magetan,Jawa Timur,2025,25.101369863013698,28.863835616438354,22.76164383561644,4791.9,8.61917808219178,79.8,9.371125471841705,19.03287671232877,4.0888767123287675,1.4368493150684933,8.408219178082192,0.413386301369863,0.41256164383561644,26.44630136986301,6.114
Majalengka,Jawa Barat,2018,26.023013698630137,30.61123287671233,22.725753424657533,1643.3,5.090410958904109,73.96986301369863,9.882773508371386,18.55254794520548,4.429506849315069,2.039260273972603,10.147671232876712,0.3817506849315068,0.37624931506849313,27.80986301369863,6.141
Majalengka,Jawa Barat,2019,26.4397,31.4395,22.8581,1926.6,5.8822,72.3315,10.0848,19.091,4.66962,2.30532,10.2732,0.346066,0.31777,28.3948,6.021
Majalengka,Jawa Barat,2020,26.1123,30.2814,23.1268,3099.1,9.0738,78.7213,9.1714,17.2057,3.95014,1.74347,8.4404,0.407754,0.377844,27.1822,5.777
Majalengka,Jawa Barat,2021,25.7721,30.0521,22.7036,2723.8,8.3205,79.4164,8.8969,17.0786,3.82521,1.72129,7.8679,0.403997,0.374427,26.8477,5.479
Majalengka,Jawa Barat,2022,25.4348,29.6134,22.5225,2602.3,7.2411,81.2548,8.8847,17.5404,3.77992,1.49573,7.5742,0.438759,0.434795,26.2474,5.608
Majalengka,Jawa Barat,2023,26.5844,31.6603,22.9937,1575.5,4.8904,72.6548,9.8946,19.4301,4.66595,2.33252,9.6537,0.358227,0.353293,28.1847,5.577
Majalengka,Jawa Barat,2024,26.764754098360655,31.4620218579235,23.452185792349727,2251.6,6.131147540983607,75.8743169398907,9.694307961445052,18.84153005464481,4.398114754098361,2.0468579234972677,8.620491803278687,0.3868333333333333,0.3914972677595629,27.956830601092896,5.55
Majalengka,Jawa Barat,2025,26.140547945205476,30.635616438356163,23.044931506849313,2584.0,6.945205479452055,78.67945205479452,9.170498744292237,17.961945205479452,3.9436438356164385,1.8182191780821917,6.85013698630137,0.41472328767123284,0.4120794520547945,26.785479452054798,5.518
Malang,Jawa Timur,2018,24.51287671232877,28.964109589041094,21.276712328767122,1481.4,6.008219178082192,79.28219178082192,9.574114254185693,18.277287671232877,3.8575342465753426,1.6963561643835616,7.974520547945205,0.2557123287671233,0.25221643835616436,26.839726027397262,5.718
Malang,Jawa Timur,2019,24.6397,29.343,21.2882,1755.7,5.5342,79.3863,10.0204,19.7067,4.12233,1.75638,7.6008,0.257238,0.254156,26.9885,5.808
Malang,Jawa Timur,2020,24.7369,28.7328,21.8254,2023.4,7.8197,82.541,9.4059,18.0405,3.69877,1.42096,7.079,0.290754,0.278235,26.3984,5.949
Malang,Jawa Timur,2021,24.5342,28.6101,21.6126,2484.7,8.0904,82.8712,8.995,17.6604,3.60027,1.39644,6.7438,0.306718,0.295263,25.9786,6.028
Malang,Jawa Timur,2022,24.429,28.529,21.4677,2134.7,7.6575,83.3616,9.0094,18.0232,3.64027,1.33953,6.6627,0.317104,0.303696,25.929,5.917
Malang,Jawa Timur,2023,24.691,29.283,21.2647,1304.7,5.7479,80.2521,9.8083,19.9283,4.11948,1.68953,7.2723,0.254953,0.246674,26.7734,6.361
Malang,Jawa Timur,2024,25.1155737704918,29.703551912568305,21.860109289617487,2113.9,6.185792349726776,81.42896174863388,9.760845400728599,19.47945355191257,4.046448087431694,1.6512295081967214,6.34672131147541,0.26839344262295084,0.2544808743169399,27.15218579234973,6.211
Malang,Jawa Timur,2025,24.55068493150685,29.625753424657532,21.332602739726028,2302.3,7.208219178082191,83.81643835616438,9.368477595129377,18.645616438356164,3.7981095890410956,1.6733698630136986,4.552328767123288,0.3291452054794521,0.33006027397260274,25.10794520547945,6.453
Mojokerto,Jawa Timur,2018,28.0841095890411,33.76328767123288,23.942739726027398,1459.3,4.134246575342465,70.4958904109589,10.124045182648402,19.769232876712326,4.664356164383562,2.976821917808219,6.941095890410959,0.2318082191780822,0.20481643835616437,29.98027397260274,6.061
Mojokerto,Jawa Timur,2019,27.929,33.6647,23.7332,1635.1,4.7041,72.4575,10.2258,20.537,4.78934,2.90773,6.9696,0.242523,0.231901,29.7112,6.178
Mojokerto,Jawa Timur,2020,27.9754,33.4235,24.1648,2184.6,6.3552,75.9262,9.7238,19.0672,4.38571,2.65883,6.6604,0.259872,0.239199,29.3374,5.737
Mojokerto,Jawa Timur,2021,27.7014,33.2816,23.9304,2282.5,6.3479,76.3534,9.49,18.7821,4.254,2.62981,6.4932,0.268244,0.248162,29.0005,5.795
Mojokerto,Jawa Timur,2022,27.0323,32.5696,23.5756,2596.2,6.1534,80.2685,9.2648,19.0652,4.11712,2.25208,6.0951,0.299192,0.279293,28.103,5.706
Mojokerto,Jawa Timur,2023,27.9159,33.9975,23.6542,1540.1,4.0986,73.3014,10.173,20.639,4.71803,2.95721,6.6838,0.242759,0.23031,29.4238,5.666
Mojokerto,Jawa Timur,2024,28.147540983606557,34.13661202185792,24.119125683060112,1979.6,5.092896174863388,75.69398907103825,9.976247563752276,20.435136612021857,4.594863387978142,2.7873770491803276,6.241530054644809,0.25459562841530053,0.23564754098360655,29.706284153005466,6.041
Mojokerto,Jawa Timur,2025,27.324931506849317,32.21123287671233,23.9827397260274,2315.7,5.66027397260274,79.87123287671233,9.728324718417047,19.89495890410959,4.288027397260274,2.058109589041096,6.117260273972604,0.26286027397260275,0.27274246575342465,28.761369863013698,6.037
Nganjuk,Jawa Timur,2018,27.32684931506849,32.335068493150686,23.366849315068492,1237.3,4.03013698630137,70.83287671232877,9.999405205479452,20.024602739726028,4.960602739726027,2.520191780821918,9.977534246575344,0.3352,0.3245260273972603,29.98,6.033
Nganjuk,Jawa Timur,2019,27.5466,32.9364,23.3455,1382.4,4.7781,70.0712,10.1854,20.7019,5.18573,2.71452,9.9529,0.306784,0.27817,30.3819,6.145
Nganjuk,Jawa Timur,2020,27.4098,32.0169,23.8839,1926.0,6.9044,75.2568,9.5976,19.016,4.5982,2.20699,9.2464,0.357855,0.327721,29.6036,6.14
Nganjuk,Jawa Timur,2021,27.043,31.7512,23.5249,2039.7,7.0219,76.537,9.2987,18.7358,4.40929,2.13608,8.8419,0.374304,0.348077,29.0071,5.926
Nganjuk,Jawa Timur,2022,26.4797,31.0534,23.1241,2458.5,6.8,79.9562,9.0406,18.8303,4.19148,1.79622,7.8997,0.40823,0.394962,27.969,5.353
Nganjuk,Jawa Timur,2023,27.5255,32.8299,23.3463,1375.5,4.4685,71.0466,10.0266,20.6898,5.02981,2.61066,9.2277,0.336033,0.338055,29.9926,5.804
Nganjuk,Jawa Timur,2024,27.879234972677594,33.24890710382514,23.848360655737704,1615.2,5.191256830601093,72.83879781420765,9.767706982392228,20.136666666666667,4.875765027322404,2.5961202185792347,8.31174863387978,0.3462513661202186,0.3220054644808743,30.54617486338798,5.811
Nganjuk,Jawa Timur,2025,26.802191780821914,31.58082191780822,23.408493150684933,1964.1,6.090410958904109,79.06849315068493,9.417096126331812,19.238657534246574,4.232575342465753,1.9852876712328766,6.109589041095891,0.36970684931506853,0.3523150684931507,28.36054794520548,5.653
Ngawi,Jawa Timur,2018,27.36219178082192,32.58438356164383,23.804931506849314,1583.6,4.597260273972603,71.16438356164383,10.005924200913242,19.883068493150684,4.9556438356164385,2.610027397260274,10.604657534246575,0.36673150684931505,0.37190410958904113,30.317808219178083,6.133
Ngawi,Jawa Timur,2019,27.5962,33.1499,23.8044,2252.8,5.5808,70.463,10.1619,20.5768,5.1331,2.78411,10.1542,0.351762,0.334047,30.7279,6.344
Ngawi,Jawa Timur,2020,27.2497,32.0355,24.0167,2738.8,7.9699,76.8934,9.5906,18.868,4.45344,2.15836,9.0279,0.401669,0.390011,29.3093,6.654
Ngawi,Jawa Timur,2021,26.8268,31.5992,23.5668,2642.0,7.6274,78.4274,9.2328,18.6424,4.26729,2.02805,8.7485,0.410827,0.403419,28.7173,6.109
Ngawi,Jawa Timur,2022,26.3101,31.0962,23.1849,3314.2,7.463,81.4959,9.0433,19.015,4.1426,1.75666,7.917,0.440074,0.436542,27.9408,5.879
Ngawi,Jawa Timur,2023,27.3967,32.7984,23.5674,1645.9,4.4849,71.9589,10.0165,20.8788,5.05556,2.58186,10.0745,0.364827,0.364178,29.766,6.174
Ngawi,Jawa Timur,2024,27.404098360655738,32.605737704918035,23.855464480874318,2834.6,6.14207650273224,75.77595628415301,9.78902013509411,20.321448087431694,4.794426229508197,2.301967213114754,9.12295081967213,0.3940491803278689,0.3869617486338797,29.556010928961747,6.221
Ngawi,Jawa Timur,2025,26.505205479452055,31.267397260273974,23.29534246575342,2870.5,6.912328767123288,81.03835616438356,9.386005791476409,19.34205479452055,4.210602739726027,1.8290684931506849,7.307397260273972,0.4044767123287671,0.3966547945205479,28.013150684931507,5.988
Pacitan,Jawa Timur,2018,26.032328767123285,28.924383561643836,23.8413698630137,1736.5,8.23013698630137,83.1041095890411,9.784483066971081,18.450986301369863,3.8006301369863014,1.205013698630137,10.942739726027398,0.28102191780821917,0.2734794520547945,28.26027397260274,4.644
Pacitan,Jawa Timur,2019,26.1126,29.1871,23.8047,1533.4,6.8137,83.3151,10.206,19.7343,4.03222,1.25989,10.7501,0.258699,0.248197,28.7162,4.484
Pacitan,Jawa Timur,2020,26.3721,28.9904,24.3883,2266.6,10.3224,86.4672,9.3512,17.7352,3.55279,0.99593,10.0809,0.321609,0.308598,27.8781,4.351
Pacitan,Jawa Timur,2021,26.2436,28.9852,24.131,2741.2,9.9562,85.8521,9.2723,17.7405,3.55605,1.03625,9.2441,0.327011,0.317564,27.6474,4.664
Pacitan,Jawa Timur,2022,26.2268,29.017,24.1019,2825.6,10.4247,85.3041,9.0148,18.0554,3.63474,1.01778,8.9748,0.354332,0.345279,27.54,5.071
Pacitan,Jawa Timur,2023,26.1433,29.2499,23.7014,1301.0,6.9452,83.0055,10.1789,20.4994,4.11573,1.23595,10.7192,0.255551,0.254293,28.2562,5.188
Pacitan,Jawa Timur,2024,26.633879781420767,29.822677595628416,24.22486338797814,1982.0,7.622950819672131,83.55191256830601,9.819898489678202,19.693934426229507,4.050218579234973,1.2549180327868852,10.408469945355192,0.27121857923497267,0.2612841530054645,28.566666666666666,4.77
Pacitan,Jawa Timur,2025,26.197260273972603,29.42986301369863,23.92082191780822,2779.2,9.194520547945206,85.11506849315069,9.194851621004565,18.405835616438356,3.7290136986301365,1.182,8.925479452054795,0.3472383561643836,0.34602191780821917,26.886301369863013,4.949
Pamekasan,Jawa Timur,2018,26.99972602739726,30.553424657534247,24.240273972602743,1361.8,4.441095890410959,77.55616438356165,10.345874094368341,20.097753424657537,4.362465753424657,1.8837808219178083,8.70986301369863,0.24754794520547946,0.2500191780821918,28.56657534246575,5.195
Pamekasan,Jawa Timur,2019,27.0638,30.6978,24.1978,1593.0,5.2986,77.7315,10.492,20.5291,4.47578,1.92847,8.8082,0.244636,0.233449,28.7129,4.527
Pamekasan,Jawa Timur,2020,27.1768,30.5615,24.6281,2033.4,6.9918,80.4372,9.9014,19.0108,4.12038,1.69926,8.6019,0.276568,0.264863,28.4128,5.048
Pamekasan,Jawa Timur,2021,26.9622,30.5553,24.3427,2226.2,6.8795,80.3068,9.7934,19.1084,4.10126,1.73225,8.5844,0.279951,0.265156,28.1384,5.111
Pamekasan,Jawa Timur,2022,26.7408,30.3545,24.1589,2204.7,7.2493,81.4685,9.6207,19.1671,4.03008,1.58918,7.9504,0.306532,0.294195,27.7162,5.252
Pamekasan,Jawa Timur,2023,27.291,31.4173,24.129,1333.6,4.5726,76.2274,10.4736,21.2375,4.67049,2.13351,8.9367,0.241186,0.235751,28.783,5.456
Pamekasan,Jawa Timur,2024,27.542622950819673,31.677322404371584,24.40382513661202,1891.7,5.956284153005464,77.72950819672131,10.160971956587735,20.43193989071038,4.511338797814208,2.0435792349726776,8.548633879781422,0.2628743169398907,0.24633060109289617,29.020765027322405,5.169
Pamekasan,Jawa Timur,2025,26.919452054794522,30.47917808219178,24.20904109589041,2375.3,6.846575342465753,80.61917808219178,9.903862138508371,19.732602739726026,4.19041095890411,1.5893972602739725,8.312876712328766,0.2771041095890411,0.2822794520547945,27.99972602739726,5.444
Pandeglang,Banten,2018,25.129589041095887,28.62164383561644,22.669041095890414,2089.8,8.572602739726028,82.37260273972603,9.514067229832573,16.914794520547943,3.4356438356164385,1.3613424657534245,5.5320547945205485,0.42680273972602734,0.409413698630137,26.64767123287671,4.807
Pandeglang,Banten,2019,25.5918,29.5992,22.7329,1847.2,8.4329,80.3562,10.1874,18.0596,3.72918,1.65721,5.1351,0.398375,0.370655,27.2436,4.991
Pandeglang,Banten,2020,25.2421,28.5503,22.8923,3168.8,11.388,85.4481,8.9451,16.2085,3.25801,1.19393,5.1825,0.448342,0.426057,26.1801,5.408
Pandeglang,Banten,2021,25.0167,28.3608,22.6285,2512.6,10.1671,85.463,9.1899,16.7241,3.34044,1.17422,5.2463,0.446351,0.427559,26.0156,5.073
Pandeglang,Banten,2022,25.0488,28.7488,22.5852,2368.5,9.0849,83.6849,8.9267,17.134,3.46622,1.32737,5.8789,0.405529,0.366099,26.5241,5.767
Pandeglang,Banten,2023,25.6685,30.0159,22.7904,1746.4,7.7123,79.2301,10.0028,18.6605,3.88704,1.81422,5.5937,0.379241,0.348518,27.4762,5.519
Pandeglang,Banten,2024,25.85273224043716,29.915573770491804,23.218579234972676,2523.6,8.773224043715848,81.44262295081967,9.540736247723133,18.167486338797815,3.7464207650273225,1.6400546448087432,5.523497267759563,0.4120464480874317,0.388983606557377,27.22622950819672,5.352
Pandeglang,Banten,2025,25.121917808219177,29.117808219178084,22.739178082191778,2558.9,9.613698630136986,83.99178082191781,9.08993784627093,17.411369863013697,3.5233698630136985,1.4564109589041097,5.8772602739726025,0.3986520547945206,0.36835890410958905,25.72246575342466,5.242
Pangandaran,Jawa Barat,2018,25.606027397260277,27.898904109589044,23.66219178082192,2390.9,10.90958904109589,86.71232876712328,9.826511719939116,18.429698630136986,3.567808219178082,0.908027397260274,9.118356164383561,0.34678082191780824,0.33446027397260275,27.092602739726026,5.681
Pangandaran,Jawa Barat,2019,25.5142,27.8496,23.6038,1893.6,11.1178,88.389,10.1675,19.233,3.64241,0.88915,8.4356,0.311748,0.289534,27.2526,5.847
Pangandaran,Jawa Barat,2020,26.0202,28.273,24.2055,4192.0,15.7268,89.6284,9.028,16.9172,3.27872,0.77593,8.6273,0.390866,0.382997,26.885,5.287
Pangandaran,Jawa Barat,2021,26.0433,28.4778,24.0348,3500.8,13.8849,88.1205,9.0415,17.4681,3.4214,0.87904,8.086,0.365814,0.346496,26.9934,5.058
Pangandaran,Jawa Barat,2022,25.8959,28.4277,23.8562,3801.1,12.9699,87.7315,8.8854,17.9764,3.51542,0.87666,7.6745,0.380997,0.371266,26.8337,4.937
Pangandaran,Jawa Barat,2023,25.7822,28.3537,23.6458,1924.2,10.0904,86.2466,9.8879,19.831,3.8374,1.00425,8.4545,0.292345,0.27014,27.3781,4.605
Pangandaran,Jawa Barat,2024,26.312568306010927,29.020491803278688,24.20546448087432,2446.4,11.721311475409836,86.54371584699453,9.85685531268974,19.530819672131148,3.8530601092896175,1.0324590163934426,8.562295081967214,0.3078032786885246,0.2726311475409836,27.562841530054644,4.898
Pangandaran,Jawa Barat,2025,25.976712328767125,28.740000000000002,23.950136986301366,3588.0,12.402739726027397,87.83287671232877,9.225936385083715,18.48043835616438,3.6250684931506854,0.9675068493150685,7.216712328767123,0.358827397260274,0.3452054794520548,26.266575342465753,5.282
Pasuruan,Jawa Timur,2018,27.74876712328767,32.0131506849315,23.962739726027397,1340.1,3.5863013698630137,74.45479452054795,10.521037397260276,21.315013698630136,4.723890410958904,2.1756712328767125,7.1657534246575345,0.251413698630137,0.26612876712328765,29.492876712328766,5.754
Pasuruan,Jawa Timur,2019,27.7488,32.0282,23.8863,1489.7,4.5151,75.4,10.6504,21.9335,4.80397,2.17279,7.0375,0.250638,0.258847,29.5082,5.01
Pasuruan,Jawa Timur,2020,27.823,31.9508,24.379,1987.4,6.3142,78.9235,10.2247,20.4265,4.43773,1.98918,6.4825,0.289956,0.291803,29.0609,5.137
Pasuruan,Jawa Timur,2021,27.5564,31.6688,24.1679,1913.3,6.2466,79.3753,10.0866,20.4498,4.41258,1.92244,6.7844,0.293515,0.294364,28.6666,5.267
Pasuruan,Jawa Timur,2022,27.1411,31.2874,23.8814,2203.6,5.9726,82.2137,9.9769,20.4602,4.28137,1.73293,6.2427,0.333312,0.336162,28.0778,5.218
Pasuruan,Jawa Timur,2023,27.7858,32.3636,23.7356,1202.8,3.7096,74.5863,10.6309,22.0643,4.83592,2.27416,6.8392,0.230756,0.246592,29.4781,5.307
Pasuruan,Jawa Timur,2024,28.374043715846994,33.14890710382514,24.331967213114755,1405.5,4.7076502732240435,73.27595628415301,10.466549514268369,21.519781420765028,4.798661202185793,2.4303005464480876,6.377322404371585,0.19520218579234974,0.19323497267759565,30.37103825136612,5.429
Pasuruan,Jawa Timur,2025,28.007397260273976,32.53616438356165,24.36082191780822,1676.4,5.175342465753425,74.61643835616438,10.184056217656012,20.896301369863014,4.606958904109589,2.2488493150684934,6.046301369863014,0.20616712328767126,0.2010054794520548,30.293150684931508,5.401
Pati,Jawa Tengah,2018,26.863835616438354,31.347397260273972,23.505205479452055,1410.2,5.482191780821918,77.31506849315069,10.06409503805175,19.72504109589041,4.247917808219178,2.053835616438356,6.483287671232877,0.3941205479452055,0.3892630136986301,28.747671232876712,6.023
Pati,Jawa Tengah,2019,26.9416,31.5003,23.403,1623.3,6.2795,77.8849,10.3509,20.4469,4.37244,2.06578,6.4019,0.388592,0.389789,28.7049,5.954
Pati,Jawa Tengah,2020,26.9158,30.9978,23.7883,2095.4,8.7077,81.9863,9.7434,19.0066,3.98046,1.72825,5.7377,0.433295,0.420175,28.1074,5.871
Pati,Jawa Tengah,2021,26.7819,30.9942,23.6137,1986.1,8.0849,81.1863,9.5654,18.7126,3.95551,1.78781,5.8995,0.421033,0.398712,28.0778,5.537
Pati,Jawa Tengah,2022,26.4115,30.7614,23.3622,2218.9,7.6904,82.6301,9.2997,18.8148,3.89879,1.63578,5.8548,0.441986,0.428841,27.5981,5.567
Pati,Jawa Tengah,2023,27.0789,32.1485,23.3471,1531.5,5.4986,77.1699,10.2502,20.4986,4.42704,2.24329,6.2855,0.387573,0.377044,28.5663,5.414
Pati,Jawa Tengah,2024,27.25765027322404,32.192622950819676,23.745628415300544,2014.2,6.9289617486338795,79.44262295081967,9.711517956891317,19.55934426229508,4.205928961748634,2.0751366120218577,5.651366120218579,0.414136612021858,0.4010382513661202,28.61639344262295,5.463
Pati,Jawa Tengah,2025,26.816712328767125,31.207397260273975,23.71232876712329,2741.3,7.934246575342466,81.2027397260274,9.486153135464232,18.80482191780822,3.9806849315068495,1.765917808219178,5.467671232876713,0.4117506849315068,0.400213698630137,27.845479452054796,5.507
Pekalongan,Jawa Tengah,2018,27.304657534246576,31.14739726027397,23.775068493150684,1483.1,5.5698630136986305,75.38356164383562,10.073578455098936,19.72668493150685,4.243616438356165,1.8586027397260274,5.692602739726028,0.2591972602739726,0.2519150684931507,29.390958904109592,4.735
Pekalongan,Jawa Tengah,2019,27.4005,31.2266,23.8096,1733.9,6.0055,76.4274,10.337,20.1253,4.28233,1.85573,5.294,0.257389,0.248408,29.3992,5.027
Pekalongan,Jawa Tengah,2020,27.3582,31.0803,24.0719,2865.5,8.6421,80.1667,9.639,18.856,3.97142,1.65934,5.4096,0.291134,0.273098,28.7571,4.648
Pekalongan,Jawa Tengah,2021,27.0545,30.7608,23.8096,2724.1,8.5781,80.4274,9.3588,18.4964,3.89074,1.6111,5.7079,0.292485,0.277101,28.4482,4.442
Pekalongan,Jawa Tengah,2022,26.7455,30.6334,23.4416,2541.6,7.7452,81.6219,9.3708,18.9571,3.9286,1.51877,5.3288,0.313381,0.292468,28.0945,4.445
Pekalongan,Jawa Tengah,2023,27.6036,31.9307,23.5611,1715.6,5.2247,75.1562,10.3545,20.7593,4.47518,2.09323,5.7764,0.226945,0.211786,29.7132,4.448
Pekalongan,Jawa Tengah,2024,27.777049180327868,32.316120218579236,23.851092896174862,2066.0,6.245901639344262,77.33060109289617,10.125651085306618,20.30327868852459,4.3737704918032785,2.084726775956284,5.266666666666667,0.24181967213114755,0.21872131147540985,29.736065573770492,5.502
Pekalongan,Jawa Tengah,2025,26.838630136986303,31.296986301369863,23.235342465753423,2559.8,7.482191780821918,82.57534246575342,9.648442389649924,19.254328767123287,4.035808219178082,1.7436712328767126,4.925479452054795,0.27531780821917806,0.28426027397260273,28.367671232876713,4.995
Pemalang,Jawa Tengah,2018,26.86219178082192,31.37616438356164,23.356712328767124,1996.0,5.750684931506849,75.84109589041095,10.117493531202435,19.871616438356167,4.525698630136986,2.0558630136986302,7.892602739726028,0.3954273972602739,0.3935260273972603,28.083013698630136,5.106
Pemalang,Jawa Tengah,2019,27.2367,31.8967,23.5449,2070.9,6.5753,74.7151,10.3129,20.1662,4.63647,2.20847,7.5381,0.382142,0.367636,28.5134,5.719
Pemalang,Jawa Tengah,2020,26.9139,31.1721,23.7268,2913.2,9.5,81.5191,9.6327,18.8087,4.11361,1.76527,6.7156,0.429199,0.415795,27.6702,5.326
Pemalang,Jawa Tengah,2021,26.7392,31.094,23.48,3116.3,8.9315,81.011,9.3366,18.4915,4.04564,1.82608,6.7674,0.419066,0.396745,27.503,5.419
Pemalang,Jawa Tengah,2022,26.4244,30.9323,23.1263,2687.3,7.5562,82.2411,9.3919,19.0584,4.07263,1.71241,6.5137,0.438529,0.424082,27.1096,5.23
Pemalang,Jawa Tengah,2023,27.1945,32.1471,23.1822,1890.1,5.5699,75.3397,10.3899,20.8667,4.68479,2.25734,7.3145,0.342285,0.356315,28.6353,5.212
Pemalang,Jawa Tengah,2024,27.342076502732244,32.128961748633884,23.550819672131148,2474.1,6.655737704918033,78.44535519125684,10.150827527322406,20.358306010928963,4.51103825136612,2.064426229508197,6.724590163934426,0.36300273224043716,0.3827267759562842,28.824043715846994,5.707
Pemalang,Jawa Tengah,2025,26.740000000000002,31.036438356164382,23.39917808219178,2579.8,7.6,81.35616438356165,9.57411805175038,19.16550684931507,4.097013698630137,1.7444109589041097,5.912876712328766,0.38510410958904107,0.3965041095890411,28.052876712328764,5.305
Ponorogo,Jawa Timur,2018,27.003013698630138,31.797260273972604,23.543287671232875,1203.4,4.093150684931507,73.17260273972603,10.084675441400304,19.64909589041096,4.783260273972603,2.256383561643836,12.006301369863014,0.24298630136986302,0.23883287671232878,29.17917808219178,5.946
Ponorogo,Jawa Timur,2019,27.2184,32.2948,23.5671,1422.5,4.5014,72.9014,10.2338,20.2536,4.99156,2.39512,12.2964,0.23506,0.220293,29.5825,5.548
Ponorogo,Jawa Timur,2020,27.2481,31.6191,24.0899,1867.1,7.0574,76.7596,9.604,18.5404,4.37754,1.9938,10.6811,0.263571,0.239142,28.8929,5.799
Ponorogo,Jawa Timur,2021,26.8742,31.2518,23.6625,2128.3,6.7315,77.7562,9.3239,18.3338,4.20523,1.88214,9.7718,0.284997,0.270258,28.3477,5.887
Ponorogo,Jawa Timur,2022,26.574,31.026,23.4077,2753.5,6.5507,79.1699,9.0995,18.4431,4.09973,1.75323,9.0359,0.31569,0.302055,27.7704,5.708
Ponorogo,Jawa Timur,2023,27.1425,32.2392,23.2638,1288.4,3.9836,73.6164,10.1701,20.5046,4.88644,2.34151,11.294,0.240167,0.237326,29.0534,5.901
Ponorogo,Jawa Timur,2024,27.408743169398907,32.47185792349727,23.755464480874316,1856.4,5.297814207650274,75.97814207650273,9.859994482392228,19.80693989071038,4.661666666666667,2.243196721311475,10.280601092896175,0.2550737704918033,0.23230601092896175,29.270765027322405,5.982
Ponorogo,Jawa Timur,2025,26.58849315068493,31.30191780821918,23.255342465753426,2131.8,6.046575342465753,80.24383561643836,9.541011194824963,18.914684931506848,4.146849315068493,1.8353150684931507,7.725479452054795,0.2822794520547945,0.27799999999999997,27.500821917808217,5.88
Probolinggo,Jawa Timur,2018,27.424657534246574,31.068493150684933,24.88054794520548,1374.6,4.419178082191781,72.88493150684931,10.350506750380516,20.51745205479452,5.23054794520548,1.9595616438356165,16.124109589041097,0.23799178082191783,0.23923835616438358,30.176712328767124,4.596
Probolinggo,Jawa Timur,2019,27.6323,31.3995,24.9622,1551.3,5.1644,72.4301,10.5931,21.2287,5.41192,2.05863,15.6099,0.230603,0.226181,30.6433,4.91
Probolinggo,Jawa Timur,2020,27.6265,30.9801,25.2478,2457.2,7.1066,76.1011,9.9761,19.5234,4.80505,1.74978,13.7268,0.271074,0.263301,29.7533,5.216
Probolinggo,Jawa Timur,2021,27.4014,30.7718,24.9342,1908.0,6.8521,76.5616,9.8736,19.5827,4.6946,1.71808,12.9649,0.271186,0.261956,29.343,5.134
Probolinggo,Jawa Timur,2022,27.2359,30.651,24.7499,1877.1,6.2356,77.1205,9.8242,19.8818,4.64553,1.64578,12.2225,0.273956,0.257455,29.1742,5.534
Probolinggo,Jawa Timur,2023,27.8838,31.9962,24.8597,1228.1,4.2329,70.7096,10.4024,21.2591,5.38827,2.26723,13.7419,0.208671,0.205419,30.8836,5.724
Probolinggo,Jawa Timur,2024,28.191256830601095,32.50628415300546,25.033333333333335,1790.3,5.557377049180328,72.50819672131148,10.265031382817243,20.807322404371586,5.2021311475409835,2.2510382513661202,11.954371584699453,0.21518032786885247,0.19099453551912568,30.977595628415298,5.353
Probolinggo,Jawa Timur,2025,27.347397260273972,31.654246575342462,24.29808219178082,1891.7,6.2164383561643834,76.78904109589041,10.022583675799085,20.17213698630137,4.5623287671232875,1.9966027397260273,8.486849315068493,0.25205205479452053,0.25236712328767125,28.850684931506848,5.308
Purbalingga,Jawa Tengah,2018,26.14438356164384,29.90904109589041,23.241917808219178,2609.6,8.558904109589042,80.10684931506849,9.180297298325723,16.80268493150685,3.511424657534247,1.5044109589041097,4.638356164383562,0.3131287671232877,0.3027698630136986,27.19232876712329,6.341
Purbalingga,Jawa Tengah,2019,26.4397,30.6425,23.3523,2417.7,9.0932,79.3068,9.4537,17.7097,3.75123,1.71529,4.6948,0.287416,0.279589,27.7342,5.437
Purbalingga,Jawa Tengah,2020,26.4123,29.6082,23.9352,4202.0,12.7404,84.2131,8.4252,15.7599,3.2476,1.18249,4.2437,0.384615,0.381735,26.876,5.683
Purbalingga,Jawa Tengah,2021,26.3803,29.7923,23.7077,3014.4,11.3945,82.863,8.5121,16.2782,3.36463,1.29162,4.3263,0.347416,0.325088,26.9279,5.365
Purbalingga,Jawa Tengah,2022,26.0252,29.5795,23.297,3538.7,10.5534,84.1534,7.9717,16.2501,3.32682,1.18501,4.4219,0.382532,0.376189,26.5167,5.306
Purbalingga,Jawa Tengah,2023,26.3332,30.52,22.9688,1932.6,7.8877,80.2767,9.2907,18.1372,3.77296,1.60836,4.5364,0.305668,0.296438,27.1112,5.368
Purbalingga,Jawa Tengah,2024,26.730327868852456,30.98879781420765,23.505737704918033,2410.1,8.603825136612022,81.39071038251366,9.238997078020645,18.032267759562842,3.76724043715847,1.6178142076502733,4.383333333333333,0.3045409836065574,0.2824590163934426,27.69071038251366,5.47
Purbalingga,Jawa Tengah,2025,26.284383561643832,30.85232876712329,23.321095890410962,2764.3,9.493150684931507,83.7041095890411,8.65565118721461,17.16408219178082,3.5578904109589042,1.6152876712328768,3.6345205479452054,0.3583232876712329,0.3497068493150685,26.83945205479452,5.281
Purwakarta,Jawa Barat,2018,26.522465753424658,31.153698630136986,23.143287671232876,1897.0,5.96986301369863,74.58082191780822,9.782490433789953,18.598301369863012,4.077178082191781,2.162904109589041,5.742465753424658,0.3862575342465754,0.3851698630136986,28.489589041095893,5.379
Purwakarta,Jawa Barat,2019,26.8578,31.9329,23.2096,2277.5,6.6247,73.811,10.0426,19.4,4.30627,2.41715,5.6274,0.370603,0.316233,28.9003,5.437
Purwakarta,Jawa Barat,2020,26.4063,30.6948,23.2978,2998.1,9.0956,79.5301,9.0001,17.307,3.7176,1.83874,5.3822,0.413675,0.394787,27.5109,5.276
Purwakarta,Jawa Barat,2021,25.7792,29.74,22.8099,3025.8,8.8575,82.1753,8.9269,17.4363,3.59795,1.51011,5.0268,0.433932,0.426175,26.6063,5.098
Purwakarta,Jawa Barat,2022,25.6967,29.8732,22.7022,2736.1,7.3589,82.3534,8.9158,18.0742,3.70342,1.49852,5.2,0.436679,0.421581,26.5808,5.487
Purwakarta,Jawa Barat,2023,26.809,31.8515,23.1181,2025.0,5.8904,75.0493,9.9224,19.7362,4.30334,2.33197,5.6104,0.377603,0.361805,28.2447,5.85
Purwakarta,Jawa Barat,2024,26.962568306010926,31.814480874316942,23.519945355191254,2431.0,6.469945355191257,77.64480874316939,9.633284342744384,19.162295081967212,4.127049180327869,2.1204371584699455,5.345901639344262,0.40325956284153003,0.3960464480874317,28.158743169398907,5.89
Purwakarta,Jawa Barat,2025,26.194246575342465,30.81890410958904,23.01424657534247,2787.3,7.249315068493151,80.71780821917808,9.166155852359209,18.390493150684932,3.881753424657534,1.8041917808219177,5.494246575342466,0.40698356164383565,0.4020109589041096,27.171232876712327,5.642
Purworejo,Jawa Tengah,2018,25.11013698630137,28.949863013698632,22.159726027397262,2633.5,8.468493150684932,83.93424657534247,9.519724452054794,17.510520547945205,3.5518904109589045,1.318958904109589,5.705479452054795,0.3100301369863014,0.3045150684931507,26.77178082191781,5.311
Purworejo,Jawa Tengah,2019,25.4438,29.6162,22.2904,2436.6,8.6986,83.1205,9.8333,18.5332,3.80326,1.48668,5.6822,0.282315,0.26991,27.3551,5.337
Purworejo,Jawa Tengah,2020,25.6077,29.1995,22.8773,3654.6,11.959,86.888,8.817,16.7184,3.37885,1.17997,5.2197,0.356057,0.344107,26.738,5.483
Purworejo,Jawa Tengah,2021,25.5205,29.3671,22.6951,3316.7,11.0055,85.7096,8.6714,16.9286,3.44044,1.28584,5.1438,0.329619,0.305718,26.7266,5.349
Purworejo,Jawa Tengah,2022,25.0981,28.8375,22.3825,4013.5,11.0137,87.5041,8.5102,17.0842,3.38255,1.07386,5.1726,0.382929,0.377353,26.1847,5.478
Purworejo,Jawa Tengah,2023,25.2759,29.5356,21.9923,2313.2,8.3808,84.0329,9.6328,18.944,3.82784,1.4257,5.7088,0.297353,0.287918,26.74,5.624
Purworejo,Jawa Tengah,2024,25.612021857923498,29.968852459016393,22.369125683060112,2994.9,9.581967213114755,85.89890710382514,9.449750941105039,18.55551912568306,3.7596994535519124,1.3866120218579234,5.193169398907104,0.3269016393442623,0.3151748633879781,26.912295081967212,5.387
Purworejo,Jawa Tengah,2025,25.240273972602743,30.126027397260273,22.127671232876715,3469.7,10.273972602739725,87.43287671232876,8.865762648401827,17.66890410958904,3.587753424657534,1.4863287671232877,4.935616438356164,0.3719397260273973,0.3673753424657534,26.12684931506849,5.564
Rembang,Jawa Tengah,2018,27.135342465753425,30.89917808219178,24.163013698630138,1674.7,5.701369863013698,77.62739726027397,10.184380243531203,20.327890410958904,4.4551780821917815,1.8916986301369865,9.278630136986301,0.28553698630136987,0.29038082191780823,29.293972602739725,5.675
Rembang,Jawa Tengah,2019,27.3214,31.1093,24.1726,1586.5,6.2,77.0548,10.534,21.0223,4.64422,1.94058,9.5178,0.264838,0.269671,29.6553,4.404
Rembang,Jawa Tengah,2020,27.2896,30.7669,24.4801,2173.7,8.3251,81.1475,9.9288,19.5691,4.1877,1.66855,8.5817,0.313811,0.305921,28.7445,4.031
Rembang,Jawa Tengah,2021,26.9795,30.4863,24.2088,2293.2,8.3753,81.7014,9.806,19.424,4.11567,1.60718,8.6745,0.320995,0.315153,28.3512,5.295
Rembang,Jawa Tengah,2022,26.5967,30.2268,23.8745,2587.2,7.9644,83.8055,9.4813,19.3961,3.99395,1.45863,8.1392,0.358995,0.354992,27.8753,5.23
Rembang,Jawa Tengah,2023,27.1992,31.4247,23.8449,1777.5,5.6685,77.8164,10.4383,21.2291,4.63756,1.99181,9.2359,0.274337,0.274789,29.0638,5.635
Rembang,Jawa Tengah,2024,27.377595628415303,31.553551912568306,24.11693989071038,2236.0,7.183060109289618,79.27868852459017,9.979104530965392,20.40948087431694,4.4512841530054645,1.8673224043715848,8.759016393442623,0.2890081967213115,0.27522131147540985,29.160655737704918,4.898
Rembang,Jawa Tengah,2025,26.946849315068494,30.945205479452056,23.848219178082193,2312.0,7.906849315068493,81.04109589041096,9.767320456621004,19.81298630136986,4.21958904109589,1.69772602739726,8.293972602739727,0.24964931506849314,0.2289013698630137,28.505479452054793,4.992
Sampang,Jawa Timur,2018,27.94767123287671,31.117534246575342,25.623287671232877,1181.1,4.8054794520547945,73.57808219178082,10.434514360730592,20.449287671232877,4.95345205479452,1.9977260273972601,12.736164383561643,0.3029452054794521,0.3335315068493151,31.006849315068493,5.011
Sampang,Jawa Timur,2019,27.9668,31.1381,25.6318,1106.0,5.5041,74.2137,10.5072,20.7365,4.95222,1.97679,11.8647,0.307847,0.34226,31.054,4.727
Sampang,Jawa Timur,2020,27.8773,30.7123,25.7423,1750.5,7.6995,78.3142,9.9912,19.3078,4.46183,1.63131,11.1137,0.357311,0.385142,29.9667,5.073
Sampang,Jawa Timur,2021,27.7093,30.7112,25.4468,1963.1,7.2877,77.937,9.8578,19.3115,4.46471,1.67123,11.2822,0.349236,0.378964,29.8167,5.127
Sampang,Jawa Timur,2022,27.3507,30.3027,25.0559,2236.2,7.6,80.074,9.7298,19.4253,4.27682,1.45482,10.0203,0.389564,0.403096,29.0425,4.945
Sampang,Jawa Timur,2023,28.0682,31.4282,25.5101,1192.7,4.8603,74.074,10.5464,21.398,5.0451,2.03044,11.7562,0.266137,0.283605,30.5858,4.805
Sampang,Jawa Timur,2024,28.32377049180328,31.81830601092896,25.788524590163934,1874.0,6.0136612021857925,75.45901639344262,10.215185754401944,20.624234972677595,4.868551912568306,1.9793989071038252,10.77295081967213,0.2391393442622951,0.23348360655737704,30.711748633879782,4.413
Sampang,Jawa Timur,2025,27.716164383561644,31.18082191780822,25.1572602739726,2414.7,6.96986301369863,78.35890410958905,9.916600098934552,19.852109589041095,4.455506849315069,1.7638082191780822,9.07945205479452,0.2429123287671233,0.2331945205479452,29.513150684931507,4.486
Semarang,Jawa Tengah,2018,24.866301369863017,29.35041095890411,21.73232876712329,1880.6,6.605479452054794,76.68219178082192,9.906544223744291,19.16621917808219,4.04654794520548,1.8822739726027395,6.386575342465753,0.3823780821917809,0.37311780821917806,27.267397260273974,5.744
Semarang,Jawa Tengah,2019,25.1814,29.8093,21.8627,2638.4,7.3151,76.2575,10.1169,19.7982,4.21611,1.99584,6.3274,0.375575,0.357115,27.583,5.456
Semarang,Jawa Tengah,2020,24.9792,28.8648,22.1809,3173.7,9.2923,81.7404,9.5088,18.542,3.8109,1.52079,5.9514,0.423689,0.406475,26.3768,5.808
Semarang,Jawa Tengah,2021,24.6203,28.4899,21.8962,3007.8,9.1068,82.5616,9.1306,17.9906,3.6549,1.43438,6.1036,0.426663,0.413959,25.9255,5.261
Semarang,Jawa Tengah,2022,24.3742,28.086,21.7441,3126.5,8.6137,83.7918,9.0287,18.2674,3.64438,1.24751,5.8066,0.444745,0.434047,25.5573,5.072
Semarang,Jawa Tengah,2023,25.1512,29.7926,21.7173,2037.7,6.5068,76.6658,10.0949,20.1917,4.2649,1.92627,6.4718,0.382619,0.373797,26.9877,5.39
Semarang,Jawa Tengah,2024,25.306010928961747,29.729234972677595,22.148360655737704,2668.5,7.658469945355192,80.30601092896175,9.780023474499089,19.693524590163936,4.086748633879782,1.7036612021857922,5.808469945355191,0.40827595628415303,0.4034398907103825,26.766120218579236,5.964
Semarang,Jawa Tengah,2025,24.56684931506849,28.981917808219176,21.68958904109589,3193.3,8.66027397260274,83.68493150684931,9.337319383561644,18.648,3.785424657534247,1.5223013698630137,5.617808219178082,0.43409041095890416,0.43299452054794524,25.20958904109589,5.591
Serang,Banten,2018,26.324383561643835,30.07753424657534,23.30164383561644,2090.3,7.8054794520547945,81.23287671232876,9.756222557077626,17.6007397260274,3.688191780821918,1.5361643835616439,5.833424657534246,0.3271753424657534,0.3126054794520548,27.67753424657534,5.268
Serang,Banten,2019,26.714,30.774,23.3638,1849.4,7.9479,79.9562,10.3851,18.5979,3.93038,1.73504,5.4877,0.29497,0.276701,28.1334,4.757
Serang,Banten,2020,26.409,29.9981,23.5675,3187.0,10.8634,84.4208,9.2244,16.9147,3.49049,1.36363,5.5699,0.350514,0.332869,27.2585,4.757
Serang,Banten,2021,26.1962,29.8685,23.2479,2558.0,9.8411,84.4493,9.3694,17.2921,3.54855,1.37058,5.5047,0.351479,0.337268,27.0841,4.863
Serang,Banten,2022,26.1677,30.1562,23.1419,2685.2,8.3178,83.4082,9.171,17.7981,3.67896,1.45619,5.6236,0.343978,0.323493,27.1688,5.27
Serang,Banten,2023,26.9781,31.5666,23.4419,1779.5,6.9397,78.3534,10.1416,19.1641,4.11888,1.99844,5.7641,0.280238,0.258704,28.4334,5.778
Serang,Banten,2024,27.14863387978142,31.573497267759564,23.891803278688524,2576.3,8.16120218579235,80.68306010928961,9.719025478142076,18.711174863387978,3.993333333333333,1.837568306010929,5.666393442622951,0.31041256830601094,0.2932185792349727,28.393989071038252,5.384
Serang,Banten,2025,26.7441095890411,31.245205479452054,23.626027397260273,2547.6,8.575342465753424,81.15890410958905,9.291630456621004,18.031479452054793,3.8350958904109587,1.849095890410959,5.767397260273972,0.2680767123287671,0.2386164383561644,28.036164383561644,5.28
Sidoarjo,Jawa Timur,2018,27.294520547945204,31.018082191780824,24.004109589041096,1647.1,4.389041095890411,76.90958904109588,10.407891499238964,20.923205479452054,4.62454794520548,1.9732876712328766,8.808767123287671,0.252772602739726,0.26902191780821916,29.602465753424656,6.658
Sidoarjo,Jawa Timur,2019,27.331,31.1299,23.8918,1828.2,5.2712,77.4384,10.5399,21.5524,4.74425,1.99526,8.8888,0.250827,0.258825,29.5951,6.848
Sidoarjo,Jawa Timur,2020,27.3617,30.8462,24.3836,2430.3,7.2923,80.7186,10.0086,19.8896,4.31626,1.72697,8.4959,0.283407,0.288989,28.9473,6.093
Sidoarjo,Jawa Timur,2021,27.0992,30.7677,24.1326,2573.4,7.1589,81.3041,9.9091,19.9793,4.27121,1.73052,8.4542,0.292455,0.291625,28.5647,6.214
Sidoarjo,Jawa Timur,2022,26.7348,30.4636,23.8367,3041.1,7.2247,83.7068,9.8152,20.1093,4.16682,1.56323,7.7315,0.336896,0.340488,27.9145,6.202
Sidoarjo,Jawa Timur,2023,27.3701,31.6729,23.7208,1768.0,4.5753,77.1616,10.5207,21.6047,4.74274,2.15841,8.2693,0.238814,0.262121,29.2838,6.312
Sidoarjo,Jawa Timur,2024,27.72103825136612,32.17131147540984,24.05928961748634,2180.5,5.418032786885246,77.48360655737704,10.268954773831208,21.1475956284153,4.686010928961749,2.162295081967213,7.723224043715846,0.23124863387978142,0.24618032786885247,29.73497267759563,6.51
Sidoarjo,Jawa Timur,2025,27.2558904109589,31.392876712328768,24.095068493150688,2477.5,6.410958904109589,79.94246575342466,10.038444923896499,20.52482191780822,4.357287671232877,1.911150684931507,6.381643835616439,0.2504684931506849,0.28803835616438356,29.026027397260275,6.057
Situbondo,Jawa Timur,2018,26.564383561643837,30.724383561643833,23.21780821917808,2098.5,5.347945205479452,74.12602739726027,10.599140487062403,20.65205479452055,4.62813698630137,2.052876712328767,9.014246575342465,0.372827397260274,0.3707095890410959,28.252054794520546,5.552
Situbondo,Jawa Timur,2019,26.6797,30.8964,23.1959,2461.4,5.6904,74.2767,10.7917,21.3408,4.73586,2.08529,8.7345,0.367641,0.356016,28.4337,5.547
Situbondo,Jawa Timur,2020,26.6675,30.5686,23.576,3091.9,7.429,78.2596,10.356,20.0759,4.36096,1.80724,8.1199,0.401743,0.392814,27.8014,5.239
Situbondo,Jawa Timur,2021,26.3855,30.3677,23.2879,2842.0,7.1616,78.589,10.1387,19.939,4.2903,1.78841,8.2414,0.402323,0.390995,27.4721,4.974
Situbondo,Jawa Timur,2022,25.9901,29.8693,23.0863,2848.7,7.6027,81.3836,10.1439,20.1769,4.17762,1.51466,7.8082,0.444666,0.442427,26.7595,5.288
Situbondo,Jawa Timur,2023,26.4975,30.986,22.849,2029.2,5.074,75.5288,10.7934,21.8298,4.68836,2.04151,7.9866,0.371942,0.377696,27.7879,5.634
Situbondo,Jawa Timur,2024,26.92622950819672,31.382513661202186,23.383879781420767,2406.2,6.169398907103825,76.3688524590164,10.540489814814816,21.133333333333333,4.580273224043715,2.023633879781421,7.278415300546448,0.3739071038251366,0.3695081967213115,28.323224043715847,5.42
Situbondo,Jawa Timur,2025,26.2558904109589,30.437534246575346,22.993972602739724,2606.3,6.641095890410959,79.67123287671232,10.25449308219178,20.65684931506849,4.285945205479452,1.6795342465753424,6.661643835616438,0.415386301369863,0.412958904109589,27.176438356164383,5.347
Sleman,DI Yogyakarta,2018,24.813424657534245,29.318082191780825,21.540000000000003,2532.7,8.112328767123287,80.3013698630137,9.284486293759514,17.450794520547944,3.648493150684932,1.6303013698630135,6.583013698630137,0.19190136986301368,0.176013698630137,26.267397260273974,5.001
Sleman,DI Yogyakarta,2019,25.1214,30.2137,21.5342,2480.2,8.1342,79.5562,9.6761,18.5397,3.9209,1.86899,6.3507,0.186647,0.16897,26.7866,4.723
Sleman,DI Yogyakarta,2020,25.0962,29.1022,22.1893,3627.2,11.1913,84.5109,8.867,17.0064,3.45407,1.32008,5.9978,0.249563,0.238238,25.7194,4.684
Sleman,DI Yogyakarta,2021,24.8926,28.854,22.0132,3334.8,10.3616,84.4219,8.7294,17.0052,3.42507,1.27414,5.8584,0.25137,0.239077,25.4647,5.039
Sleman,DI Yogyakarta,2022,24.5838,28.3751,21.8726,4148.1,10.6603,85.811,8.2742,16.8326,3.32266,1.08408,5.789,0.2808,0.278068,25.1962,4.915
Sleman,DI Yogyakarta,2023,24.7638,29.3959,21.4677,2230.2,7.811,81.7288,9.5123,18.8444,3.83674,1.54608,6.5726,0.203866,0.197395,25.7337,5.038
Sleman,DI Yogyakarta,2024,25.06393442622951,29.458196721311477,21.986065573770492,2983.2,8.467213114754099,83.44535519125684,9.330315452337583,18.522021857923498,3.7487158469945356,1.4019398907103826,6.023497267759563,0.23483333333333334,0.23022404371584698,25.7879781420765,4.943
Sleman,DI Yogyakarta,2025,24.905205479452054,29.3413698630137,22.22876712328767,3459.0,9.704109589041096,83.46575342465754,8.762811681887367,17.68772602739726,3.5835890410958906,1.426794520547945,5.39945205479452,0.26194520547945205,0.2599835616438356,25.238082191780823,5.053
Sragen,Jawa Tengah,2018,27.327945205479455,32.88191780821918,23.339726027397262,1622.8,4.495890410958904,72.26849315068493,9.996958888888889,19.56890410958904,4.757780821917808,2.7065753424657535,10.494794520547945,0.3446301369863014,0.3434904109589041,29.875342465753423,6.115
Sragen,Jawa Tengah,2019,27.5405,33.3375,23.2422,2417.8,5.4137,71.8795,10.1356,19.9814,4.80945,2.8737,9.0945,0.342082,0.335493,30.2101,6.866
Sragen,Jawa Tengah,2020,27.2533,32.2617,23.6227,2625.8,7.2104,77.9481,9.5154,18.6049,4.2362,2.24989,8.1596,0.380098,0.376962,28.9158,6.557
Sragen,Jawa Tengah,2021,26.8008,31.6778,23.2778,2531.2,7.011,79.3699,9.2343,18.4476,4.12493,2.05805,8.6216,0.393049,0.388619,28.1912,6.628
Sragen,Jawa Tengah,2022,26.42,31.4575,23.0353,2915.9,6.7671,81.0356,9.1194,18.6202,4.06781,1.91236,8.8515,0.412589,0.397058,27.6737,5.536
Sragen,Jawa Tengah,2023,27.4208,33.1362,23.3052,1786.9,4.3781,72.7699,10.0872,20.4241,4.90742,2.72515,10.5386,0.329068,0.337288,29.7041,5.886
Sragen,Jawa Tengah,2024,27.519945355191254,32.97896174863388,23.713661202185794,2153.1,5.448087431693989,75.94535519125684,9.798397973588342,19.70467213114754,4.590245901639344,2.4624043715846993,9.41448087431694,0.35495901639344263,0.35022131147540986,29.585792349726773,6.556
Sragen,Jawa Tengah,2025,26.719452054794523,31.70986301369863,23.337260273972603,2175.0,6.397260273972603,80.18082191780822,9.452980745814306,19.0521095890411,4.196821917808219,1.9862191780821918,8.379999999999999,0.35608493150684933,0.37639452054794525,27.84876712328767,6.58
Subang,Jawa Barat,2018,26.94164383561644,32.17780821917808,23.081369863013702,1736.7,5.183561643835616,73.34246575342466,9.912282450532725,18.89054794520548,4.256739726027397,2.47613698630137,6.273150684931506,0.3872301369863014,0.37126575342465756,28.348493150684934,5.705
Subang,Jawa Barat,2019,27.2014,32.7173,23.0329,2319.0,6.1096,72.737,9.9582,19.5764,4.47742,2.64866,6.1603,0.362208,0.311781,28.5633,6.033
Subang,Jawa Barat,2020,26.8254,31.5981,23.3896,2794.1,8.3279,78.6339,9.138,17.5398,3.89642,2.09678,6.2915,0.406172,0.370139,27.6574,5.73
Subang,Jawa Barat,2021,26.2863,31.0551,22.9003,2913.9,8.5288,80.5479,8.9796,17.5108,3.75277,1.92934,6.0411,0.419726,0.398121,26.9973,5.852
Subang,Jawa Barat,2022,25.9597,30.7578,22.7,2635.7,6.7973,82.4438,8.9766,18.1188,3.7663,1.73153,5.6342,0.441036,0.429775,26.5915,5.836
Subang,Jawa Barat,2023,27.0605,32.6838,22.9773,1693.5,5.2301,75.0411,9.9057,19.8921,4.41093,2.56205,6.0863,0.38526,0.368233,28.1789,5.877
Subang,Jawa Barat,2024,27.302732240437155,32.82677595628415,23.495355191256827,2327.9,5.868852459016393,76.87704918032787,9.701423277170614,19.36341530054645,4.254098360655738,2.433251366120219,5.657650273224043,0.3949562841530055,0.3850136612021858,28.44071038251366,5.912
Subang,Jawa Barat,2025,26.710684931506847,31.65835616438356,23.343561643835617,2550.5,6.772602739726027,78.93424657534247,9.13423895738204,18.396602739726028,3.980383561643835,2.043808219178082,5.750958904109589,0.3922219178082192,0.37255616438356165,27.846849315068493,5.94
Sukabumi,Jawa Barat,2018,22.143561643835614,26.168767123287672,19.424657534246574,2731.4,8.693150684931506,86.55890410958904,9.320859733637747,17.54794520547945,3.347150684931507,1.1853150684931506,4.998082191780822,0.4498958904109589,0.4480849315068493,23.736712328767123,5.107
Sukabumi,Jawa Barat,2019,22.7099,27.3921,19.6658,2450.5,8.3973,84.1068,9.9488,18.8959,3.69411,1.51019,4.6658,0.413011,0.399701,24.4293,5.02
Sukabumi,Jawa Barat,2020,22.5546,26.2918,20.0489,4264.8,11.2459,88.265,8.759,16.6683,3.18814,1.05828,4.7208,0.481161,0.480527,23.447,5.585
Sukabumi,Jawa Barat,2021,22.3499,26.1584,19.729,3331.7,10.3315,87.2795,8.9714,17.2842,3.29378,1.08025,4.8937,0.475293,0.472392,23.2403,5.507
Sukabumi,Jawa Barat,2022,22.0775,26.0203,19.4003,3393.0,9.4822,88.2384,8.6629,17.3273,3.25748,1.00104,4.8458,0.476493,0.47429,23.0408,5.349
Sukabumi,Jawa Barat,2023,22.4088,26.8786,19.3822,2151.9,8.2137,85.8904,9.5621,19.0056,3.64534,1.29652,5.0685,0.428145,0.413671,23.74,5.459
Sukabumi,Jawa Barat,2024,22.63688524590164,26.90464480874317,19.792622950819673,3302.8,9.204918032786885,87.64754098360656,9.378818602003644,18.491448087431692,3.529808743169399,1.1586612021857923,4.8,0.453207650273224,0.4477568306010929,23.776502732240438,5.72
Sukabumi,Jawa Barat,2025,22.316438356164383,26.859178082191782,19.632602739726025,3364.3,9.813698630136987,87.32602739726028,9.06951690258752,17.828602739726026,3.4163835616438356,1.2388219178082192,4.924657534246576,0.45332054794520543,0.4545616438356164,23.314794520547945,5.389
Sukoharjo,Jawa Tengah,2018,26.15068493150685,31.49150684931507,22.637260273972604,1694.0,5.252054794520548,76.17808219178082,9.952001156773212,19.281013698630137,4.420657534246575,2.2868767123287674,9.783287671232877,0.3730246575342466,0.3719616438356164,28.76794520547945,6.483
Sukoharjo,Jawa Tengah,2019,26.4967,32.3863,22.6967,2456.9,6.0384,74.9781,10.1019,19.8555,4.6449,2.57789,9.6573,0.350433,0.318027,29.3186,6.919
Sukoharjo,Jawa Tengah,2020,26.3,31.1675,23.1279,2948.3,8.4809,80.7186,9.3662,18.2007,4.04604,1.9474,8.7167,0.406948,0.395577,28.1158,6.871
Sukoharjo,Jawa Tengah,2021,25.9792,30.8258,22.8208,3006.0,8.4,81.6493,9.1343,18.1425,3.94808,1.85652,8.251,0.410636,0.402381,27.6732,6.574
Sukoharjo,Jawa Tengah,2022,25.4893,30.2466,22.5375,3533.6,8.0932,84.1425,8.9376,18.3923,3.84477,1.58685,8.2038,0.446395,0.442551,26.9279,6.441
Sukoharjo,Jawa Tengah,2023,26.2858,31.997,22.5699,1920.6,5.411,76.6356,10.0041,20.4173,4.62077,2.38077,9.8978,0.365737,0.363389,28.5482,7.027
Sukoharjo,Jawa Tengah,2024,26.41912568306011,31.73497267759563,23.00928961748634,2729.2,6.469945355191257,79.79781420765028,9.724763896478446,19.859016393442623,4.395327868852459,2.0861475409836063,9.048360655737705,0.39528688524590166,0.38769672131147537,28.40136612021858,7.532
Sukoharjo,Jawa Tengah,2025,25.83150684931507,30.79232876712329,22.76986301369863,3230.8,7.926027397260274,83.1917808219178,9.271074817351598,18.875643835616437,3.9957260273972603,1.7734520547945205,8.095068493150684,0.3945342465753425,0.40806027397260275,27.23178082191781,6.681
Sumedang,Jawa Barat,2018,24.44082191780822,29.270684931506846,20.723561643835616,2108.9,6.495890410958904,78.34246575342466,9.88588805936073,18.789424657534248,3.9535068493150685,1.8505479452054796,5.2246575342465755,0.29824931506849317,0.2867178082191781,25.60767123287671,5.609
Sumedang,Jawa Barat,2019,24.7468,29.9249,20.7329,2396.3,6.9425,77.1014,10.0409,19.5289,4.17701,2.04611,5.4888,0.275085,0.230666,25.9197,5.363
Sumedang,Jawa Barat,2020,24.4768,28.7041,21.3587,3717.7,9.8306,83.806,9.0945,17.3688,3.57418,1.47423,4.8164,0.333626,0.307787,25.0418,5.496
Sumedang,Jawa Barat,2021,24.0589,28.3227,20.9644,3376.3,9.6384,85.1342,8.9992,17.4719,3.52389,1.39841,4.5682,0.344036,0.325342,24.5644,4.912
Sumedang,Jawa Barat,2022,23.8279,28.0573,20.8142,3395.7,8.6027,86.1918,9.0483,17.9404,3.55068,1.23732,4.2633,0.371101,0.364405,24.2523,5.262
Sumedang,Jawa Barat,2023,24.7989,29.9216,20.7151,2333.0,6.3945,78.2301,9.9366,19.8638,4.19507,1.97022,5.3214,0.269797,0.25623,26.4236,5.364
Sumedang,Jawa Barat,2024,24.960928961748635,29.80191256830601,21.257923497267758,3052.3,7.169398907103825,81.16120218579235,9.776006268973893,19.390437158469943,4.030983606557377,1.7132513661202184,5.0685792349726775,0.30540983606557376,0.3038469945355191,26.325956284153005,5.5
Sumedang,Jawa Barat,2025,24.128493150684932,28.71260273972603,20.924383561643836,3049.6,8.389041095890411,85.40547945205479,9.253777534246575,18.309342465753424,3.676958904109589,1.4184383561643836,4.585753424657534,0.37345205479452054,0.3741150684931507,24.524657534246575,5.345
Sumenep,Jawa Timur,2018,26.93780821917808,30.304931506849314,24.26054794520548,1694.1,5.761643835616439,78.81369863013698,10.483522678843228,20.96249315068493,4.519178082191781,1.7049863013698632,9.518630136986301,0.27204383561643836,0.2687287671232877,28.648493150684935,5.591
Sumenep,Jawa Timur,2019,27.0485,30.4937,24.3545,1621.5,6.1973,78.8329,10.6555,21.3738,4.62337,1.73638,9.7099,0.257764,0.244726,28.8304,4.845
Sumenep,Jawa Timur,2020,27.1615,30.3997,24.7202,2248.6,8.0628,81.2623,10.1742,20.0049,4.32003,1.57391,9.3317,0.298172,0.283954,28.45,5.356
Sumenep,Jawa Timur,2021,26.8701,30.274,24.2816,2361.6,7.8685,81.5397,10.0393,19.9933,4.24677,1.58455,8.9148,0.298504,0.28414,28.0403,5.508
Sumenep,Jawa Timur,2022,26.5677,29.9362,23.9986,2449.5,8.2932,83.1808,9.8428,19.9359,4.13945,1.42225,8.3244,0.340573,0.333041,27.5614,5.512
Sumenep,Jawa Timur,2023,27.2348,31.2633,24.1268,1475.8,5.4219,77.1315,10.6419,21.7661,4.78455,1.99827,9.2625,0.261929,0.254104,28.5863,5.133
Sumenep,Jawa Timur,2024,27.46311475409836,31.441530054644808,24.318032786885244,2176.8,6.800546448087432,78.58743169398907,10.248178051001823,20.841256830601093,4.582431693989071,1.8895901639344264,8.910928961748635,0.2863114754098361,0.2760737704918033,28.708196721311477,5.155
Sumenep,Jawa Timur,2025,26.9386301369863,30.656712328767124,24.045479452054796,2856.9,7.747945205479452,80.81369863013698,10.10445097412481,20.31594520547945,4.339534246575343,1.619890410958904,8.525479452054794,0.2723041095890411,0.2649315068493151,28.23315068493151,5.296
Tangerang,Banten,2018,26.652876712328766,30.8827397260274,23.253698630136988,1898.7,7.50958904109589,81.07123287671233,10.042321461187214,18.45213698630137,3.934876712328767,1.7436438356164383,6.917534246575343,0.322772602739726,0.31177534246575345,28.5172602739726,4.716
Tangerang,Banten,2019,27.1252,31.5685,23.4956,1938.4,7.6,79.5863,10.4288,19.3293,4.16137,1.95205,6.4126,0.286995,0.270241,29.1249,5.038
Tangerang,Banten,2020,26.6874,30.7464,23.5352,3028.2,10.5137,84.5847,9.3125,17.4388,3.66869,1.55014,6.6352,0.356306,0.342637,27.8306,5.216
Tangerang,Banten,2021,26.3934,30.4025,23.2159,2847.4,10.0,84.9644,9.3011,17.6042,3.66477,1.47496,6.4975,0.363518,0.355608,27.5356,5.063
Tangerang,Banten,2022,26.1627,30.5701,22.9742,2892.3,8.8301,85.1836,9.4137,18.3581,3.7977,1.47822,6.6767,0.372403,0.363452,27.4559,4.75
Tangerang,Banten,2023,26.9129,31.7912,23.1863,2088.6,7.2384,80.7753,10.1422,19.6665,4.2157,1.97515,6.6293,0.305068,0.287696,28.4723,5.245
Tangerang,Banten,2024,27.075956284153005,31.739071038251367,23.63743169398907,2812.1,8.032786885245901,82.53005464480874,9.893119656952035,19.327650273224044,4.104699453551913,1.813606557377049,6.618579234972678,0.3285081967213115,0.31821584699453553,28.456830601092896,5.117
Tangerang,Banten,2025,26.724109589041095,31.080547945205478,23.56794520547945,3247.3,8.736986301369862,83.47123287671234,9.447063866057839,18.572246575342465,3.894657534246575,1.6655068493150684,6.504109589041096,0.2845178082191781,0.3024301369863014,27.865753424657534,5.28
Tasikmalaya,Jawa Barat,2018,23.53068493150685,27.438082191780822,20.644109589041097,2526.4,10.67945205479452,86.63835616438357,8.963701156773212,16.377698630136987,3.242739726027397,1.1280000000000001,4.925753424657534,0.24604109589041098,0.2375972602739726,24.924383561643836,5.747
Tasikmalaya,Jawa Barat,2019,23.8145,28.1274,20.7597,2213.0,10.9068,85.4027,9.2387,17.0008,3.41803,1.30515,4.9315,0.22497,0.206134,25.1945,5.293
Tasikmalaya,Jawa Barat,2020,24.0467,27.6224,21.5855,4374.7,15.4208,89.5246,8.2163,15.261,3.01617,0.97612,4.5281,0.291973,0.287899,24.9093,6.092
Tasikmalaya,Jawa Barat,2021,23.9797,27.7986,21.3118,3681.2,13.2795,88.6219,8.2894,16.0335,3.17395,1.05759,4.383,0.286644,0.283036,24.8682,5.377
Tasikmalaya,Jawa Barat,2022,23.7134,27.757,20.8932,3888.8,12.0411,88.8877,7.9059,16.291,3.19751,1.02663,4.4482,0.290775,0.289825,24.634,5.3
Tasikmalaya,Jawa Barat,2023,23.7666,28.1863,20.4296,2352.7,10.3151,86.074,9.0094,17.816,3.55016,1.26789,4.8992,0.230203,0.216134,24.9693,5.616
Tasikmalaya,Jawa Barat,2024,24.163387978142076,28.56311475409836,21.07103825136612,3165.2,10.904371584699453,87.52185792349727,9.070969163630844,17.74136612021858,3.520819672131147,1.2119945355191255,4.510382513661202,0.26231693989071037,0.25765573770491806,25.218852459016393,5.329
Tasikmalaya,Jawa Barat,2025,24.07150684931507,29.261095890410957,20.989315068493152,3563.9,11.180821917808219,87.64657534246575,8.41304097412481,17.107890410958905,3.4531780821917812,1.5218630136986302,4.130410958904109,0.2695342465753425,0.27282465753424656,25.094246575342464,5.382
Tegal,Jawa Tengah,2018,26.494246575342466,30.646301369863014,23.004931506849314,1801.1,6.057534246575343,77.78630136986301,10.214183675799086,19.894383561643835,4.272630136986302,1.854027397260274,8.154794520547945,0.2793068493150685,0.28306301369863013,28.647945205479452,5.669
Tegal,Jawa Tengah,2019,26.6784,30.9403,23.0299,1877.0,6.7699,77.8411,10.3942,20.2492,4.34896,1.93373,7.7162,0.260003,0.255721,28.9825,4.832
Tegal,Jawa Tengah,2020,26.6314,30.4757,23.5008,2621.9,9.4727,82.4235,9.6732,18.8049,3.94675,1.61295,7.4888,0.309363,0.297907,28.1279,5.37
Tegal,Jawa Tengah,2021,26.4178,30.1474,23.3762,2674.2,9.3096,82.5753,9.5175,18.7571,3.90367,1.55332,7.7896,0.315614,0.3,27.7688,5.242
Tegal,Jawa Tengah,2022,26.2247,30.1767,23.1225,2459.1,7.7233,82.6247,9.4444,19.2737,3.97912,1.52386,7.6162,0.322027,0.304082,27.6266,5.345
Tegal,Jawa Tengah,2023,26.8405,31.4386,23.1493,1673.3,5.8329,76.8082,10.3927,20.8483,4.53792,2.08819,8.6773,0.266241,0.250416,28.6586,5.387
Tegal,Jawa Tengah,2024,27.085792349726773,31.443989071038253,23.72622950819672,2198.3,6.748633879781421,78.77322404371584,10.183282134183363,20.423743169398907,4.424153005464481,1.9186338797814209,8.345901639344262,0.2863087431693989,0.27073224043715843,28.62103825136612,5.339
Tegal,Jawa Tengah,2025,26.73041095890411,30.55917808219178,23.76684931506849,2480.2,7.956164383561644,80.28767123287672,9.635256902587518,19.443287671232877,4.113479452054794,1.6663835616438356,7.6386301369863014,0.2606465753424657,0.2702821917808219,28.152876712328766,4.951
Temanggung,Jawa Tengah,2018,22.323013698630135,27.116986301369867,18.704931506849316,2146.5,6.8191780821917805,85.28767123287672,9.611500266362253,18.65958904109589,3.668739726027397,1.377178082191781,8.693150684931506,0.17745205479452053,0.15752054794520548,24.024383561643834,6.42
Temanggung,Jawa Tengah,2019,22.577,27.7115,18.7011,2310.7,7.1534,84.6247,9.8717,19.3688,3.85778,1.52164,8.3981,0.174255,0.162795,24.2649,6.325
Temanggung,Jawa Tengah,2020,22.6205,26.7577,19.5183,3499.2,9.9071,89.0492,9.2404,18.0405,3.42423,1.05951,7.2798,0.231268,0.221128,23.4041,6.179
Temanggung,Jawa Tengah,2021,22.4126,26.6493,19.2364,3207.8,9.6055,88.8438,8.9484,17.6136,3.34997,1.07055,7.5077,0.226551,0.209337,23.2216,5.873
Temanggung,Jawa Tengah,2022,22.2337,26.4458,19.1485,3280.1,9.2219,90.1014,8.5938,17.5869,3.29192,0.95951,7.4964,0.243556,0.231616,22.9986,5.639
Temanggung,Jawa Tengah,2023,22.4858,27.3882,18.7416,2170.5,6.4767,85.7671,9.6594,19.6175,3.82792,1.36671,8.6216,0.177041,0.167474,23.8288,5.805
Temanggung,Jawa Tengah,2024,22.90846994535519,27.70136612021858,19.38224043715847,2433.1,7.256830601092896,86.94262295081967,9.51524543867638,19.268060109289618,3.757322404371585,1.314207650273224,7.324863387978143,0.19070491803278689,0.17184426229508198,24.053551912568306,6.476
Temanggung,Jawa Tengah,2025,22.68054794520548,27.623561643835618,19.503287671232876,2964.6,8.526027397260274,87.32602739726028,8.88174108828006,18.020931506849315,3.510821917808219,1.3362465753424657,6.2495890410958905,0.2479315068493151,0.24523013698630136,23.02082191780822,5.864
Trenggalek,Jawa Timur,2018,25.351506849315065,28.957534246575342,22.821095890410962,1741.2,8.364383561643836,83.76438356164384,8.990985205479452,17.536,3.6007397260273972,1.3456164383561644,8.248493150684931,0.295172602739726,0.2827150684931507,27.326301369863014,5.304
Trenggalek,Jawa Timur,2019,25.4014,29.166,22.7666,1710.9,8.5534,84.4384,9.4028,18.6809,3.7857,1.3677,8.3729,0.288332,0.26989,27.4592,5.481
Trenggalek,Jawa Timur,2020,25.6388,28.8189,23.3295,2433.8,11.9372,87.2951,8.6462,16.5723,3.30981,1.0738,7.3781,0.358844,0.342426,26.8246,5.524
Trenggalek,Jawa Timur,2021,25.5458,28.9225,23.1044,2776.2,10.8877,86.5808,8.5683,16.7378,3.35564,1.13096,6.9959,0.357479,0.346597,26.6907,5.178
Trenggalek,Jawa Timur,2022,25.4647,28.9164,22.9778,2590.3,9.6658,86.1699,8.1703,16.8614,3.37332,1.08978,6.9162,0.365181,0.355181,26.5542,5.255
Trenggalek,Jawa Timur,2023,25.5633,29.3923,22.8016,1456.6,7.9671,83.7699,9.2564,19.0931,3.85595,1.38649,7.8474,0.298255,0.286121,27.0258,5.21
Trenggalek,Jawa Timur,2024,25.981693989071037,29.794262295081968,23.3551912568306,1935.0,9.221311475409836,85.13661202185793,9.134947540983607,18.32620218579235,3.7143169398907103,1.3339617486338797,7.089071038251366,0.3192513661202186,0.30093715846994534,27.17896174863388,5.749
Trenggalek,Jawa Timur,2025,25.724657534246575,29.80821917808219,23.185205479452055,2683.2,9.586301369863014,85.2958904109589,8.575206240487063,17.239013698630135,3.5302739726027395,1.4005479452054794,5.711780821917809,0.3461095890410959,0.3399205479452055,26.226301369863016,5.655
Tuban,Jawa Timur,2018,27.13041095890411,31.115068493150684,24.095890410958905,1781.5,5.991780821917808,77.24383561643836,10.257930776255707,20.30854794520548,4.480712328767123,1.9256164383561645,9.152054794520549,0.2792438356164384,0.27795342465753425,29.22876712328767,5.886
Tuban,Jawa Timur,2019,27.3233,31.4452,24.0625,1761.1,6.4521,77.1041,10.4758,20.9858,4.63425,2.02164,9.1027,0.254025,0.250789,29.6129,5.701
Tuban,Jawa Timur,2020,27.3169,31.135,24.421,2428.2,9.0109,80.7104,9.8848,19.3923,4.20639,1.77309,8.4421,0.301385,0.279798,28.8779,5.491
Tuban,Jawa Timur,2021,27.0425,30.9775,24.1677,2580.8,8.4521,80.9863,9.7987,19.3924,4.16693,1.74863,8.5866,0.301375,0.280841,28.5315,5.558
Tuban,Jawa Timur,2022,26.6222,30.5203,23.8945,2741.0,8.3397,82.7671,9.5169,19.4164,4.05384,1.52367,8.3422,0.338627,0.326326,27.8545,5.85
Tuban,Jawa Timur,2023,27.2005,31.5447,23.9718,2051.1,6.326,78.0767,10.3506,21.0498,4.57723,1.9769,9.0477,0.261252,0.256595,28.8866,5.965
Tuban,Jawa Timur,2024,27.441530054644808,31.596994535519126,24.366120218579233,2490.1,7.382513661202186,79.87704918032787,10.056813365209472,20.39051912568306,4.4198360655737705,1.8321584699453553,8.56448087431694,0.2771857923497268,0.2629726775956284,29.109836065573774,6.211
Tuban,Jawa Timur,2025,26.963561643835618,30.89506849315069,24.10054794520548,2548.9,8.126027397260273,81.75890410958904,9.804436468797563,19.85030136986301,4.189260273972603,1.6222465753424657,8.218904109589042,0.2900821917808219,0.269745205479452,28.48575342465753,5.959
Tulungagung,Jawa Timur,2018,25.88082191780822,29.98246575342466,22.934794520547946,1768.3,7.923287671232877,81.22465753424657,9.584372214611871,17.79331506849315,3.7969863013698633,1.631123287671233,7.564657534246575,0.2872465753424657,0.2719013698630137,27.684657534246575,6.211
Tulungagung,Jawa Timur,2019,26.0811,30.5033,22.9852,1717.2,7.7808,81.1151,9.8888,18.8733,4.02803,1.74814,7.4058,0.272847,0.258877,28.1132,5.68
Tulungagung,Jawa Timur,2020,26.1265,30.0096,23.3585,2586.0,10.4563,84.806,9.2208,17.1655,3.58617,1.43598,6.6104,0.323678,0.298418,27.4057,5.844
Tulungagung,Jawa Timur,2021,25.9468,29.9337,23.0781,2351.5,10.0959,84.7288,8.9938,17.1353,3.56874,1.44945,6.3266,0.320129,0.294732,27.2236,5.97
Tulungagung,Jawa Timur,2022,25.6493,29.7386,22.7644,2893.3,9.7123,85.7479,8.7026,17.6106,3.59545,1.32115,6.2641,0.349118,0.332688,26.8104,5.242
Tulungagung,Jawa Timur,2023,26.0416,30.5255,22.7934,1651.8,7.2685,81.4986,9.7943,19.5232,4.1069,1.70852,7.4997,0.272852,0.258425,27.6063,5.853
Tulungagung,Jawa Timur,2024,26.544262295081968,31.12568306010929,23.34918032786885,1932.2,8.155737704918034,82.22404371584699,9.63042204007286,19.009207650273225,4.0429234972677595,1.7665573770491803,6.8756830601092895,0.27344808743169396,0.2428360655737705,28.164480874316943,6.287
Tulungagung,Jawa Timur,2025,25.977534246575342,30.490684931506852,22.97917808219178,2354.0,8.394520547945206,84.88767123287671,9.13785600456621,18.213150684931506,3.7733972602739727,1.5805753424657534,5.785753424657535,0.31637534246575344,0.3193917808219178,26.99041095890411,6.115
Wonogiri,Jawa Tengah,2018,26.356438356164386,31.23945205479452,22.914520547945205,1493.1,5.449315068493151,76.03013698630137,9.812241369863015,18.836602739726025,4.268082191780822,2.189205479452055,8.106301369863015,0.3598794520547945,0.3688191780821918,28.690958904109593,5.492
Wonogiri,Jawa Tengah,2019,26.7452,32.194,23.009,1764.1,5.6712,74.5918,10.066,19.6624,4.56573,2.48877,8.4055,0.341921,0.316107,29.3548,5.409
Wonogiri,Jawa Tengah,2020,26.5691,30.9631,23.465,2127.9,8.3579,79.9727,9.2798,17.7761,3.91814,1.88555,7.0325,0.391309,0.375596,28.1344,5.57
Wonogiri,Jawa Tengah,2021,26.2134,30.6203,23.1074,2668.3,8.2247,80.8521,9.1048,17.7922,3.83348,1.7794,6.6362,0.405392,0.402805,27.5907,5.903
Wonogiri,Jawa Tengah,2022,25.8162,30.0945,22.8581,2965.6,7.9753,82.9616,8.7173,17.806,3.72033,1.54901,6.5104,0.440027,0.433288,26.9321,5.698
Wonogiri,Jawa Tengah,2023,26.5049,31.9184,22.637,1590.2,5.4822,76.726,9.9471,20.0731,4.50222,2.31893,8.0518,0.339356,0.356696,28.4575,5.627
Wonogiri,Jawa Tengah,2024,26.604371584699457,31.61256830601093,23.041803278688523,2286.1,6.48087431693989,80.26775956284153,9.565167789921068,19.340546448087434,4.2203278688524595,2.0028142076502733,6.944808743169399,0.3702513661202186,0.3865191256830601,28.22704918032787,5.276
Wonogiri,Jawa Tengah,2025,26.113698630136987,30.85123287671233,22.965753424657535,2458.6,7.5698630136986305,82.52876712328766,9.13591900304414,18.447534246575344,3.913369863013698,1.797917808219178,6.0750684931506855,0.4068931506849315,0.40336164383561646,27.135890410958904,5.229
Wonosobo,Jawa Tengah,2018,20.956986301369863,24.40931506849315,18.32191780821918,4130.8,10.67123287671233,88.77808219178083,9.264276605783866,17.449671232876714,3.172438356164384,0.7804931506849315,5.825479452054795,0.2519945205479452,0.2506958904109589,22.525479452054793,4.981
Wonosobo,Jawa Tengah,2019,21.2159,24.9384,18.3559,4288.9,11.2493,88.6712,9.5264,18.2998,3.34249,0.85416,5.6964,0.241655,0.232323,22.6693,5.055
Wonosobo,Jawa Tengah,2020,21.6208,24.8891,19.0653,5906.7,12.847,90.4098,8.757,16.7757,3.07404,0.74216,5.4831,0.293087,0.292533,22.6279,5.269
Wonosobo,Jawa Tengah,2021,21.4611,24.7767,18.8992,4501.1,12.3507,89.3068,8.6817,16.8563,3.09816,0.75071,5.5274,0.287345,0.284866,22.4175,5.089
Wonosobo,Jawa Tengah,2022,21.2992,24.6945,18.806,4856.5,11.874,90.2219,8.3259,16.5728,3.03562,0.7083,5.2759,0.293688,0.292764,22.38,5.02
Wonosobo,Jawa Tengah,2023,21.1395,24.8836,18.243,3176.0,9.7671,88.337,9.4071,18.691,3.41496,0.84151,5.7321,0.247033,0.238068,22.3542,4.822
Wonosobo,Jawa Tengah,2024,21.54016393442623,25.218852459016393,18.766939890710383,4841.0,10.699453551912569,89.23770491803279,9.220993283242258,18.267677595628417,3.368224043715847,0.8114754098360656,5.0975409836065575,0.2792103825136612,0.2797103825136612,22.475956284153007,4.984
Wonosobo,Jawa Tengah,2025,21.31068493150685,25.45260273972603,18.634246575342466,4571.7,11.4,89.0931506849315,8.746830509893455,17.429561643835616,3.2698356164383564,0.9461917808219178,4.750684931506849,0.2920438356164384,0.2918054794520548,21.58821917808219,4.981
